Name,Set code,Set name,Collector number,Foil,Rarity,Quantity,ManaBox ID,Scryfall ID,Purchase price,Misprint,Altered,Condition,Language,Purchase price currency,Added
Iron Giant,FIN,Final Fantasy,260,normal,common,1,106675,e48cf6d5-4d32-4b66-80be-3495ecd3e906,0.19,false,false,near_mint,en,USD,2026-09-06T17:45:04.380Z
PuPu UFO,FIN,Final Fantasy,266,normal,uncommon,1,106353,989b52f7-d8a5-4488-9a5d-f14a1d48686d,0.65,false,false,near_mint,en,USD,2026-09-06T17:45:04.381Z
Tomb Trawler,OTJ,Outlaws of Thunder Junction,250,normal,uncommon,1,93120,36e61cb8-219a-4fe6-a2e6-307665ffa38f,0.21,false,false,near_mint,en,USD,2026-09-06T17:45:04.383Z
Blitzball,FIN,Final Fantasy,254,normal,common,1,106723,92f4ad73-42bf-45c0-8bb6-0b44043c81ef,0.25,false,false,near_mint,en,USD,2026-09-06T17:45:04.388Z
Monk's Fist,FIN,Final Fantasy,265,normal,common,2,106601,995033f0-873d-4e46-b0c9-98ec8ef270ff,0.13,false,false,near_mint,en,USD,2026-09-06T17:45:04.389Z
Mobile Homestead,OTJ,Outlaws of Thunder Junction,245,normal,uncommon,1,93363,d5fa82e4-0b77-498a-bec0-52764d24957a,0.19,false,false,near_mint,en,USD,2026-09-06T17:45:04.391Z
Rancorous Archaic,SOS,Secrets of Strixhaven,2,normal,common,4,111695,2565e16a-ed31-4867-adb8-f1633d580397,0.07,false,false,near_mint,en,USD,2026-09-06T17:45:04.393Z
Potioner's Trove,SOS,Secrets of Strixhaven,251,normal,common,4,112570,2123b349-4649-4a15-a8b5-b54414d2b1b7,0.16,false,false,near_mint,en,USD,2026-09-06T17:45:04.394Z
Sundering Archaic,SOS,Secrets of Strixhaven,3,normal,uncommon,2,112389,c35b57e4-2358-46c0-8f09-cd27c10eaf2d,0.18,false,false,near_mint,en,USD,2026-09-06T17:45:04.395Z
Biblioplex Tomekeeper,SOS,Secrets of Strixhaven,247,normal,common,4,111740,bf2efdd9-d2b4-4bea-a5b9-dbb2eee4dfba,0.09,false,false,near_mint,en,USD,2026-09-06T17:45:04.397Z
Myr Convert,ONE,Phyrexia: All Will Be One,297,normal,uncommon,3,78434,1bfb7150-5157-4471-8874-4f9258c5d396,0.26,false,false,near_mint,en,USD,2026-09-06T17:45:04.400Z
Barkform Harvester,BLB,Bloomburrow,243,normal,common,3,95984,f77049a6-0f22-415b-bc89-20bcb32accf6,0.25,false,false,near_mint,en,USD,2026-09-06T17:45:04.402Z
Campus Guide,FDN,Foundations,251,normal,common,3,101504,43c59814-3167-4b05-bb85-6c736f3956a4,0.16,false,false,near_mint,en,USD,2026-09-06T17:45:04.403Z
Dune Mover,ONE,Phyrexia: All Will Be One,226,normal,common,3,78460,29d2c689-af37-433a-a012-e8d384702811,0.21,false,false,near_mint,en,USD,2026-09-06T17:45:04.404Z
Together as One,SOS,Secrets of Strixhaven,4,normal,rare,2,111732,ac2a8a66-e38c-42ab-83e1-d2d99ee48861,0.36,false,false,near_mint,en,USD,2026-09-06T17:45:04.405Z
The Filigree Sylex,ONE,Phyrexia: All Will Be One,227,normal,rare,1,78615,6e0958a1-1bac-48be-888d-f7573f409a9b,0.35,false,false,near_mint,en,USD,2026-09-06T17:45:04.406Z
Rings of Brighthearth,LTC,Tales of Middle-earth Commander,352,normal,mythic,1,83193,730d64cf-e71b-46dd-8e26-d2dec2608fc0,14.1,false,false,near_mint,en,USD,2026-09-06T17:45:04.407Z
Solemn Simulacrum,TDC,Tarkir: Dragonstorm Commander,325,normal,rare,1,104953,cb1563a1-c8dc-4fcb-b9c8-e7432235d31e,0.36,false,false,near_mint,en,USD,2026-09-06T17:45:04.408Z
Nautiloid Ship,CLB,Commander Legends: Battle for Baldur's Gate,373,normal,mythic,1,69164,91758c02-b2d1-4821-a29f-0154a611a904,14.56,false,false,near_mint,en,USD,2026-09-06T17:45:04.409Z
Trading Post,LTC,Tales of Middle-earth Commander,288,normal,rare,1,83599,e6728c66-69b6-4cb0-922f-4c264f009218,0.36,false,false,near_mint,en,USD,2026-09-06T17:45:04.410Z
Heraldic Banner,FDN,Foundations,254,normal,uncommon,1,100678,743ea709-dbb3-4db8-a2ce-544f47eb6339,0.37,false,false,near_mint,en,USD,2026-09-06T17:45:04.411Z
Fraying Line,CLB,Commander Legends: Battle for Baldur's Gate,314,normal,rare,1,69105,75bf7702-c97d-4b88-b815-769c4906e014,0.26,false,false,near_mint,en,USD,2026-09-06T17:45:04.412Z
Heirloom Epic,BLB,Bloomburrow,246,normal,uncommon,1,96061,7839ce48-0175-494a-ab89-9bdfb7a50cb1,0.24,false,false,near_mint,en,USD,2026-09-06T17:45:04.413Z
Fountainport Bell,BLB,Bloomburrow,245,normal,common,2,96094,a5c94bc0-a49d-451b-8e8d-64d46b8b8603,0.23,false,false,near_mint,en,USD,2026-09-06T17:45:04.414Z
Meteor Golem,FDN,Foundations,256,normal,uncommon,4,101167,d291ea1e-36bc-46b3-b3ae-084fa0ba69eb,0.28,false,false,near_mint,en,USD,2026-09-06T17:45:04.415Z
Alchemist's Vial,ORI,Magic Origins,220,normal,common,1,10722,251f89c5-d4da-4754-83fa-218c8864ef41,0.33,false,false,near_mint,en,USD,2026-09-06T17:45:04.416Z
Lucky Clover,ELD,Throne of Eldraine,226,normal,uncommon,1,46112,4b5d23a6-3a23-4169-aea1-f10bf5153180,0.34,false,false,near_mint,en,USD,2026-09-06T17:45:04.417Z
Circuit Mender,BLC,Bloomburrow Commander,267,normal,uncommon,2,96505,e572c156-3b1b-4b89-b9aa-5992aaa01d4c,0.32,false,false,near_mint,en,USD,2026-09-06T17:45:04.418Z
Tangle Tumbler,BLB,Bloomburrow,250,normal,uncommon,3,96010,258ef349-5042-4992-bae9-9f8f54b55db0,0.16,false,false,near_mint,en,USD,2026-09-06T17:45:04.419Z
Brute Suit,NEO,Kamigawa: Neon Dynasty,241,normal,common,2,66866,363cb43a-e358-4380-a42f-9b095ca522c6,0.21,false,false,near_mint,en,USD,2026-09-06T17:45:04.420Z
Ribskiff,ONE,Phyrexia: All Will Be One,240,normal,uncommon,3,78438,1ec8f984-5ed4-4b34-8b2a-a113cbba001d,0.22,false,false,near_mint,en,USD,2026-09-06T17:45:04.421Z
Adventurer's Airship,FIN,Final Fantasy,252,normal,common,3,106504,0a1d6dcd-bd41-4f57-a35b-6613811fe4d4,0.2,false,false,near_mint,en,USD,2026-09-06T17:45:04.382Z
Silver Deputy,OTJ,Outlaws of Thunder Junction,248,normal,common,3,93124,39d2c11d-1eb8-4768-bc61-fa8f20a69462,0.16,false,false,near_mint,en,USD,2026-09-06T17:45:04.384Z
Lunatic Pandora,FIN,Final Fantasy,262,normal,common,2,106659,d6e1e3e7-20d4-42cb-ad22-60356b9e8fdc,0.15,false,false,near_mint,en,USD,2026-09-06T17:45:04.385Z
Mage Tower Referee,SOS,Secrets of Strixhaven,249,normal,common,5,112568,1ceb704a-97a8-49f9-b799-30f001404144,0.06,false,false,near_mint,en,USD,2026-09-06T17:45:04.396Z
"Page, Loose Leaf",SOS,Secrets of Strixhaven,250,normal,common,5,112642,8c6fecfd-8241-4cf0-b1eb-19472b99e0ed,0.2,false,false,near_mint,en,USD,2026-09-06T17:45:04.399Z
Kitesail,CN2,Conspiracy: Take the Crown,212,normal,common,2,7885,dc412232-a9ad-45ce-99a1-1f0efa1fc633,0.08,false,false,near_mint,en,USD,2026-09-07T14:05:30.806Z
Aradara Express,KLD,Kaladesh,195,normal,common,1,7448,5fc0d1f7-c81c-4329-92b7-c4df227cc56c,0.07,false,false,near_mint,en,USD,2026-09-07T14:05:30.807Z
Prosthetic Injector,ONE,Phyrexia: All Will Be One,239,normal,uncommon,3,78632,75a1beec-bafe-4243-b91e-040a88fb0e95,0.24,false,false,near_mint,en,USD,2026-09-07T14:05:30.808Z
Quick-Draw Katana,FDN,Foundations,130,normal,common,2,101540,69beec98-c89c-4673-953c-8b3ef3d81560,0.17,false,false,near_mint,en,USD,2026-09-07T14:05:30.809Z
Adventuring Gear,FDN,Foundations,249,normal,uncommon,2,100358,361f9b99-5b5d-40da-b4b9-5ad90f6280ee,0.27,false,false,near_mint,en,USD,2026-09-07T14:05:30.810Z
Pacification Array,AER,Aether Revolt,168,normal,uncommon,2,6246,8bed742a-a12a-4728-a771-07e3d1417419,0.19,false,false,near_mint,en,USD,2026-09-07T14:05:30.811Z
Navigation Orb,CLB,Commander Legends: Battle for Baldur's Gate,329,normal,common,1,69317,d512a77e-2435-4695-9408-df8e17dd1fbd,0.31,false,false,near_mint,en,USD,2026-09-07T14:05:30.812Z
Ravenous Amulet,FDN,Foundations,131,normal,uncommon,1,100744,80cadee5-6f26-4440-ad31-a8e573a90436,0.21,false,false,near_mint,en,USD,2026-09-07T14:05:30.813Z
Urn of Godfire,MOM,March of the Machine,266,normal,common,1,81480,ff5f302e-d884-4995-ba3c-8c22f9045318,0.25,false,false,near_mint,en,USD,2026-09-07T14:05:30.814Z
Noble's Purse,CLB,Commander Legends: Battle for Baldur's Gate,331,normal,uncommon,1,69263,be533558-3b16-4df0-a0ca-faa1ebf2e641,0.3,false,false,near_mint,en,USD,2026-09-07T14:05:30.815Z
Ticket Turbotubes,UNF,Unfinity,194,normal,common,1,73133,6086ebe1-a8d4-4fd4-8d68-487553ce1405,0.07,false,false,near_mint,en,USD,2026-09-07T14:05:30.816Z
Universal Solvent,CMR,Commander Legends,347,normal,common,1,55862,bbe257c5-d2f8-4a4f-bf74-f6dc4b6861e4,0.09,false,false,near_mint,en,USD,2026-09-07T14:05:30.817Z
Bag of Holding,CLB,Commander Legends: Battle for Baldur's Gate,299,normal,uncommon,1,68931,290f4b4f-4f48-4031-b62a-91a0d6716ddd,0.32,false,false,near_mint,en,USD,2026-09-07T14:05:30.818Z
Ichor Wellspring,C21,Commander 2021,245,normal,common,1,58519,1ccdb407-ac8f-4736-89d3-ab0d086096ea,1.51,false,false,near_mint,en,USD,2026-09-07T14:05:30.819Z
Guardians of Meletis,ORI,Magic Origins,228,normal,common,2,10714,2ff39de2-d071-4568-baac-25b505a2da56,0.09,false,false,near_mint,en,USD,2026-09-07T14:05:30.820Z
Gleaming Barrier,FDN,Foundations,252,normal,common,4,101479,1b49b009-e6f2-494a-9235-f5c25c2d70a9,0.25,false,false,near_mint,en,USD,2026-09-07T14:05:30.822Z
Manakin,IMA,Iconic Masters,218,normal,common,1,3407,9f91e78e-9297-4ae3-b55f-d73e79d0d21a,0.34,false,false,near_mint,en,USD,2026-09-07T14:05:30.823Z
Suspicious Bookcase,M19,Core Set 2019,246,normal,uncommon,1,1066,ccf01421-856e-4cdd-8938-148928626f56,0.19,false,false,near_mint,en,USD,2026-09-07T14:05:30.824Z
Millikin,SOC,Secrets of Strixhaven Commander,351,normal,uncommon,1,112106,c2073453-4108-4039-a8c2-0f94dd7bf237,0.35,false,false,near_mint,en,USD,2026-09-07T14:05:30.825Z
Assembly-Worker,A25,Masters 25,221,normal,common,1,2495,89a288d2-de94-4c49-a17e-5b0ed0281a5b,0.04,false,false,near_mint,en,USD,2026-09-07T14:05:30.826Z
Cogwork Assembler,2XM,Double Masters,242,normal,uncommon,1,52201,e4bfde3f-f7d3-4902-b3cd-23f3fa53eff4,0.34,false,false,near_mint,en,USD,2026-09-07T14:05:30.827Z
Myr Kinsmith,ONE,Phyrexia: All Will Be One,236,normal,common,4,78578,6046e50a-f4c9-4029-a589-62a19371b734,0.3,false,false,near_mint,en,USD,2026-09-07T14:05:30.828Z
Golem Artisan,CMR,Commander Legends,311,normal,uncommon,1,55646,441a3345-2507-46ed-bdb3-c5c45d17da51,0.24,false,false,near_mint,en,USD,2026-09-07T14:05:30.829Z
Kozilek's Pathfinder,OGW,Oath of the Gatewatch,5,normal,common,2,9377,b75585bd-fdd8-44d1-8c7c-b96df5fc473e,0.09,false,false,near_mint,en,USD,2026-09-07T14:05:30.830Z
Kozilek's Channeler,BFZ,Battle for Zendikar,10,normal,common,2,10341,c550d179-32ec-4ad8-91c2-d79320a21cba,0.26,false,false,near_mint,en,USD,2026-09-07T14:05:30.831Z
Foundry Inspector,CMM,Commander Masters,385,normal,common,3,84093,16debeb1-fb2b-4172-b6da-726416d4fb38,0.36,false,false,near_mint,en,USD,2026-09-07T14:05:30.832Z
Rover Blades,DFT,Aetherdrift,241,normal,uncommon,1,103561,8855a999-83f6-4c0d-9444-3ff292f77d58,0.21,false,false,near_mint,en,USD,2026-09-07T14:05:30.833Z
Glimmerlight,DSK,Duskmourn: House of Horror,249,normal,common,1,98777,1071691c-5c65-42d4-ac96-d302185ca678,0.11,false,false,near_mint,en,USD,2026-09-07T14:05:30.834Z
Conductive Machete,DSK,Duskmourn: House of Horror,244,normal,uncommon,1,98958,1cf37c1a-096b-4306-97cf-bc4d4c47d4a1,0.11,false,false,near_mint,en,USD,2026-09-07T14:05:30.836Z
Boulderborn Dragon,TDM,Tarkir: Dragonstorm,323,normal,common,1,104326,970e11f0-337a-46b5-9bff-4bcb7843ed3a,0.2,false,false,near_mint,en,USD,2026-09-07T14:05:30.837Z
Myr Battlesphere,TDC,Tarkir: Dragonstorm Commander,322,normal,rare,1,104730,71e7ef4a-2032-4571-afc6-5207d4b40c3d,0.33,false,false,near_mint,en,USD,2026-09-07T14:05:30.838Z
Doom Cannon,ONS,Onslaught,307,normal,rare,1,30996,4abde0d7-266b-41bd-ade1-c4d93507eb16,0.36,false,false,near_mint,en,USD,2026-09-07T14:05:30.839Z
Sparkhunter Masticore,M21,Core Set 2021,240,normal,rare,1,50950,ad357ed4-b4f2-45b5-b7c4-3c6013a4ea3d,0.19,false,false,near_mint,en,USD,2026-09-07T14:05:30.840Z
Manifold Key,CLB,Commander Legends: Battle for Baldur's Gate,319,normal,uncommon,1,68852,0f5a15cd-a359-48c9-9280-ce139f1fb061,1.55,false,false,near_mint,en,USD,2026-09-07T14:05:30.841Z
Monument to Perfection,ONE,Phyrexia: All Will Be One,233,normal,rare,1,78769,ab892e7b-6797-4ede-ab5d-d9d0fa488c80,0.26,false,false,near_mint,en,USD,2026-09-07T14:05:30.842Z
Aethersphere Harvester,M3C,Modern Horizons 3 Commander,280,normal,rare,1,94737,40a3e817-0533-43b9-9350-2872e029ec50,0.22,false,false,near_mint,en,USD,2026-09-07T14:06:23.031Z
Stridehangar Automaton,DRC,Aetherdrift Commander,19,normal,rare,1,103029,4c398d11-a2fc-43e2-96e9-7f3383e1a43c,2.77,false,false,near_mint,en,USD,2026-09-07T14:06:23.032Z
Lux Artillery,EOC,Edge of Eternities Commander,140,normal,rare,1,107330,ca968493-8348-4b15-ab36-bcca9dbcc28a,0.2,false,false,near_mint,en,USD,2026-09-07T14:06:23.033Z
Scrawling Crawler,FDN,Foundations,132,normal,rare,1,100912,a1176dcf-40ee-4342-aa74-791b8352e99a,7.37,false,false,near_mint,en,USD,2026-09-07T14:06:23.034Z
Argentum Masticore,ONE,Phyrexia: All Will Be One,222,normal,rare,1,78716,9746e3ab-c0a6-46c1-a418-275b419962e4,0.31,false,false,near_mint,en,USD,2026-09-07T14:06:23.035Z
Brass Squire,CMR,Commander Legends,460,normal,uncommon,1,56059,48010648-6f68-41aa-93ae-e02a7de6abb8,1.25,false,false,near_mint,en,USD,2026-09-07T14:06:23.036Z
Stone of Erech,LTR,The Lord of the Rings: Tales of Middle-earth,251,normal,uncommon,1,83452,bc02e193-df33-4eb1-adc1-b51ee931218a,0.38,false,false,near_mint,en,USD,2026-09-07T14:06:23.037Z
Mind Stone,BLC,Bloomburrow Commander,280,normal,uncommon,1,96305,5cf95476-27ed-487d-8459-c97a921bb808,0.39,false,false,near_mint,en,USD,2026-09-07T14:06:23.038Z
Hammer of Ruin,WWK,Worldwake,124,normal,uncommon,1,22067,308c6bc5-701d-4ae8-bb52-c2e2c6956946,0.12,false,false,near_mint,en,USD,2026-09-07T14:06:23.039Z
Lembas,LTR,The Lord of the Rings: Tales of Middle-earth,243,normal,common,1,83004,3b46aacf-b31a-4380-9e4b-82795fbaba3b,1.62,false,false,near_mint,en,USD,2026-09-07T14:07:29.461Z
Maul of the Skyclaves,MOC,March of the Machine Commander,195,normal,rare,2,81595,3213c1f9-bff5-4629-a0b6-0c81ccf6c80d,0.33,false,false,near_mint,en,USD,2026-09-07T14:07:29.462Z
Phyrexian Archivist,MOM,March of the Machine,262,normal,common,1,81410,93960b5e-b13c-4f7d-a826-8aad6bd210b4,0.13,false,false,near_mint,en,USD,2026-09-07T14:07:29.463Z
Dragonstorm Globe,TDM,Tarkir: Dragonstorm,241,normal,common,2,104767,7f50aa6e-ce6a-4479-9725-202926245f2c,0.28,false,false,near_mint,en,USD,2026-09-07T14:07:29.464Z
Wizard's Rockets,LTR,The Lord of the Rings: Tales of Middle-earth,252,normal,common,1,82906,1c6ed742-dfb1-41e2-8f19-184555109e34,0.2,false,false,near_mint,en,USD,2026-09-07T14:07:29.466Z
Abzan Monument,TDM,Tarkir: Dragonstorm,238,normal,uncommon,2,104363,d2da9024-3b58-4a57-8f7d-4094c193daee,0.17,false,false,near_mint,en,USD,2026-09-07T14:07:29.467Z
Temur Monument,TDM,Tarkir: Dragonstorm,248,normal,uncommon,1,104295,55e97b40-d898-4da5-8159-cca48eb298eb,0.12,false,false,near_mint,en,USD,2026-09-07T14:07:29.468Z
Jeskai Monument,TDM,Tarkir: Dragonstorm,244,normal,uncommon,1,104362,d0193ad6-39b7-4558-bd3e-36f809332ea2,0.12,false,false,near_mint,en,USD,2026-09-07T14:07:29.469Z
Mirror of Galadriel,LTR,The Lord of the Rings: Tales of Middle-earth,244,normal,uncommon,1,83454,bc95036f-98f2-4ea7-93bb-542ad7064540,0.22,false,false,near_mint,en,USD,2026-09-07T14:10:17.383Z
Shire Scarecrow,LTR,The Lord of the Rings: Tales of Middle-earth,249,normal,common,1,83421,b60b4f2e-ff47-4762-a803-30e81b665c09,0.18,false,false,near_mint,en,USD,2026-09-07T14:10:17.384Z
Boulderborn Dragon,TDM,Tarkir: Dragonstorm,239,normal,common,5,104292,50c6e815-bfe7-4599-9227-d36504a3640f,0.18,false,false,near_mint,en,USD,2026-09-07T14:10:17.389Z
Gastal Thrillroller,DFT,Aetherdrift,313,normal,rare,1,103418,03a07256-3305-4178-bd4f-d1583d23106d,0.29,false,false,near_mint,en,USD,2026-09-07T14:10:17.391Z
Seer's Lantern,CMR,Commander Legends,338,normal,common,3,55997,09bcfd12-6b50-4fdf-9bda-6d52bba2f897,0.26,false,false,near_mint,en,USD,2026-09-07T14:10:17.392Z
Towashi Guide-Bot,NEO,Kamigawa: Neon Dynasty,262,normal,uncommon,1,66818,da4ccf70-b661-46ea-bea9-4466a3a35562,0.22,false,false,near_mint,en,USD,2026-09-07T14:10:17.393Z
Workshop Assistant,CMR,Commander Legends,348,normal,common,2,56234,e9387e8f-0e72-4212-81c8-e64050700c52,0.34,false,false,near_mint,en,USD,2026-09-07T14:10:17.394Z
Spatial Contortion,CMM,Commander Masters,809,normal,uncommon,1,84277,3fd2f8b3-62f3-4e52-ae17-dd0a61bc0e26,0.37,false,false,near_mint,en,USD,2026-09-07T14:10:17.395Z
Echoing Boon,CN2,Conspiracy: Take the Crown,3,normal,uncommon,1,8094,165dd3b0-0878-448e-b922-019d0ba372d0,0.1,false,false,near_mint,en,USD,2026-09-07T14:10:17.396Z
Honored Heirloom,VOW,Innistrad: Crimson Vow,257,normal,common,1,64422,d3390e4d-9137-40ff-b998-bdb19c90b7d5,0.24,false,false,near_mint,en,USD,2026-09-07T14:10:17.397Z
Scampering Surveyor,LCI,The Lost Caverns of Ixalan,260,normal,uncommon,2,88819,afcb2a90-d4c0-4c83-8ee7-2ac3a23b4402,0.3,false,false,near_mint,en,USD,2026-09-07T14:10:17.398Z
Mycosynth Wellspring,C21,Commander 2021,252,normal,common,1,58683,c11c16ff-1786-4426-86b0-d7beb7a71798,0.39,false,false,near_mint,en,USD,2026-09-07T14:10:17.399Z
Clockwork Fox,CLB,Commander Legends: Battle for Baldur's Gate,308,normal,common,1,69160,8fbb37d7-7053-4b1f-b899-91695f88f7e0,0.26,false,false,near_mint,en,USD,2026-09-07T14:10:17.400Z
Myr Convert,ONE,Phyrexia: All Will Be One,234,normal,uncommon,3,78731,9df0adcf-7ad0-4d70-8dcd-28f69471495b,0.3,false,false,near_mint,en,USD,2026-09-07T14:10:17.405Z
Three Tree Mascot,FDN,Foundations,682,normal,common,4,100412,40b8bf3a-1cb5-4ce2-ac25-9410f17130de,0.15,false,false,near_mint,en,USD,2026-09-07T14:10:17.406Z
Meteor Golem,CLB,Commander Legends: Battle for Baldur's Gate,323,normal,uncommon,1,68866,14e17f8c-c705-43ab-ae1a-cde48aceca0a,0.3,false,false,near_mint,en,USD,2026-09-07T14:10:17.407Z
Watcher of the Wayside,TDM,Tarkir: Dragonstorm,249,normal,common,4,104262,2dcafdac-a293-4adc-a540-3b3f469cf6f3,0.19,false,false,near_mint,en,USD,2026-09-07T14:10:17.385Z
Jade-Cast Sentinel,TDM,Tarkir: Dragonstorm,243,normal,common,3,104293,516ce5fa-bd00-429b-ba22-b38c7dd9306c,0.13,false,false,near_mint,en,USD,2026-09-07T14:10:17.386Z
Embermouth Sentinel,TDM,Tarkir: Dragonstorm,242,normal,common,2,104606,485f75d5-da5b-4605-885a-561ccd999cc6,0.14,false,false,near_mint,en,USD,2026-09-07T14:10:17.388Z
Clockwork Hydra,J22,Jumpstart 2022,135,normal,uncommon,2,76807,e49a14f1-7230-4b4e-998b-543a2971324e,0.26,false,false,near_mint,en,USD,2026-09-07T14:13:23.303Z
Kitesail,MOM,March of the Machine,261,normal,common,1,81479,fdc3bf6e-e011-4334-a142-c09941c6f213,0.19,false,false,near_mint,en,USD,2026-09-07T14:13:23.305Z
Thran Power Suit,BRO,The Brothers' War,253,normal,uncommon,1,75308,17bfb8c5-9105-41e4-a58f-9c9eee32b18a,1.15,false,false,near_mint,en,USD,2026-09-07T14:13:23.306Z
Trailblazer's Torch,CLB,Commander Legends: Battle for Baldur's Gate,340,normal,common,1,68842,0c4f76ae-e93b-4ca1-ac62-753707f6319e,0.19,false,false,near_mint,en,USD,2026-09-07T14:13:23.307Z
Heart-Piercer Bow,CMM,Commander Masters,390,normal,common,1,84770,b26a42c6-fc98-4993-891c-7ac6a0735543,0.23,false,false,near_mint,en,USD,2026-09-07T14:13:23.308Z
Barrow-Blade,LTR,The Lord of the Rings: Tales of Middle-earth,237,normal,uncommon,1,83629,f0eb7284-78a5-4b5e-8f6d-6be540e0bef8,0.18,false,false,near_mint,en,USD,2026-09-07T14:13:23.309Z
Bonded Construct,ORI,Magic Origins,223,normal,common,1,10719,43361897-f853-4cab-a132-5af48dad3b54,0.04,false,false,near_mint,en,USD,2026-09-07T14:13:23.311Z
Wild-Field Scarecrow,INR,Innistrad Remastered,274,normal,common,1,102429,13629238-f907-47b7-bdba-164e38c7b6d2,0.38,false,false,near_mint,en,USD,2026-09-07T14:13:23.313Z
Self-Assembler,J22,Jumpstart 2022,795,normal,common,1,76069,02e77f29-8ce1-4a18-871c-d69853bfd9db,0.05,false,false,near_mint,en,USD,2026-09-07T14:13:23.314Z
Halo Hopper,MOM,March of the Machine,260,normal,common,2,81457,e07baeb1-c873-42c2-8f1e-757f13572079,0.24,false,false,near_mint,en,USD,2026-09-07T14:13:23.315Z
Myr Sire,CMM,Commander Masters,400,normal,common,1,84063,11ba43d1-e879-40e0-b49c-e009deb7e3aa,0.19,false,false,near_mint,en,USD,2026-09-07T14:13:23.317Z
Springjaw Trap,IKO,Ikoria: Lair of Behemoths,241,normal,common,1,49836,3741de51-ea92-493a-8058-e0f2000e7701,0.15,false,false,near_mint,en,USD,2026-09-07T14:13:23.320Z
Prophetic Prism,ONE,Phyrexia: All Will Be One,238,normal,common,4,78481,3056ac38-7630-4301-88bb-a012a5b186ed,0.17,false,false,near_mint,en,USD,2026-09-07T14:13:23.324Z
Myr Custodian,ONE,Phyrexia: All Will Be One,235,normal,common,3,78554,56bfdd21-4d46-4ec2-ba25-f16b6993f1a8,0.26,false,false,near_mint,en,USD,2026-09-07T14:13:23.326Z
Phyrexian Atlas,ONE,Phyrexia: All Will Be One,237,normal,common,3,78795,b5adb509-6ad3-4838-925d-1cafa926b83a,0.22,false,false,near_mint,en,USD,2026-09-07T14:13:23.328Z
Mysterious Egg,IKO,Ikoria: Lair of Behemoths,3,normal,common,2,50074,cdfac3c3-7f38-49d6-bd88-dc0f5001116f,0.27,false,false,near_mint,en,USD,2026-09-07T14:13:23.318Z
Farfinder,IKO,Ikoria: Lair of Behemoths,2,normal,common,2,50075,53f63f40-46f1-4b9e-b447-ff9274f2b926,0.26,false,false,near_mint,en,USD,2026-09-07T14:13:23.319Z
Ketria Crystal,IKO,Ikoria: Lair of Behemoths,236,normal,uncommon,1,49841,7df435cb-3aeb-490a-8fca-91f3b6936965,0.15,false,false,near_mint,en,USD,2026-09-07T14:14:01.617Z
Jayemdae Tome,ORI,Magic Origins,231,normal,uncommon,2,10711,518af905-f518-4269-89b4-781085be8dd2,0.12,false,false,near_mint,en,USD,2026-09-07T14:14:01.618Z
Crackdown Construct,AER,Aether Revolt,148,normal,uncommon,1,6266,993bc69a-b615-48c5-af81-252a73384e8c,0.17,false,false,near_mint,en,USD,2026-09-07T14:14:01.619Z
Farmstead Gleaner,MH1,Modern Horizons,222,normal,uncommon,1,44712,edafd52f-2dda-4981-baee-404f47ee8969,0.16,false,false,near_mint,en,USD,2026-09-07T14:14:01.621Z
Sky Diamond,CLB,Commander Legends: Battle for Baldur's Gate,337,normal,common,1,69314,d47abfb2-9bcf-485c-9bd4-2c09b714eb32,0.26,false,false,near_mint,en,USD,2026-09-07T14:14:01.622Z
Titan's Presence,CMM,Commander Masters,810,normal,uncommon,2,84347,4dd8cf3f-1ca8-41e4-b0f7-ea9d61f731d7,0.4,false,false,near_mint,en,USD,2026-09-07T14:14:01.623Z
Adriana's Valor,CN2,Conspiracy: Take the Crown,1,normal,common,1,8096,8bfd6889-90e2-49fe-bd30-7d850dc18db2,0.07,false,false,near_mint,en,USD,2026-09-07T17:56:03.289Z
Flywheel Racer,MOM,March of the Machine,259,normal,common,1,81448,c694485d-a753-4e55-929c-d8e4a53c7d08,0.19,false,false,near_mint,en,USD,2026-09-07T17:56:03.290Z
Advantageous Proclamation,CNS,Conspiracy,1,normal,uncommon,1,14419,f8c37fe8-43b3-454e-a70b-5b0d0f396a33,0.19,false,false,near_mint,en,USD,2026-09-07T17:56:03.291Z
Skittering Surveyor,MOM,March of the Machine,264,normal,common,1,81404,8bae9f1d-e96d-444c-a0fd-5608243ee6c8,0.05,false,false,near_mint,en,USD,2026-09-07T17:56:03.292Z
Tatterkite,SHM,Shadowmoor,264,normal,uncommon,1,24602,dfaf852c-b8a9-44d4-b2cd-3f1e071a8be9,0.34,false,false,near_mint,en,USD,2026-09-07T17:56:03.294Z
Transmogrant Altar,BRO,The Brothers' War,124,normal,uncommon,1,75778,ca28d210-a35d-491e-beda-76b95d09dc2d,0.16,false,false,near_mint,en,USD,2026-09-07T17:56:03.297Z
Shambling Suit,ELD,Throne of Eldraine,230,normal,uncommon,1,46108,1100b898-31a8-4fdf-a54f-a1470ec032f3,0.28,false,false,near_mint,en,USD,2026-09-07T17:56:03.298Z
Sigil of Valor,ORI,Magic Origins,239,normal,uncommon,1,10703,f134f242-cbb5-4a3d-bfd4-46e8b8669b4b,0.2,false,false,near_mint,en,USD,2026-09-07T17:56:03.299Z
Neglected Heirloom // Ashmouth Blade,INR,Innistrad Remastered,269,normal,uncommon,1,102614,7813cd70-bb60-4953-a35d-9876f5230c42,0.24,false,false,near_mint,en,USD,2026-09-07T17:56:03.300Z
Ramroller,ORI,Magic Origins,237,normal,uncommon,1,10705,07f7ba4d-26bb-4631-a135-f27d94f376d1,0.04,false,false,near_mint,en,USD,2026-09-07T17:56:03.301Z
Traveler's Amulet,2X2,Double Masters 2022,316,normal,common,1,70582,e93621a8-d0f4-436e-9e4f-cccc0447eae8,0.2,false,false,near_mint,en,USD,2026-09-07T17:56:03.305Z
Lesser Masticore,MH1,Modern Horizons,225,normal,uncommon,1,44709,c4c7cba5-6111-40ce-828a-e811301bb283,0.34,false,false,near_mint,en,USD,2026-09-07T17:56:03.306Z
Staff of the Flame Magus,M15,Magic 2015,233,normal,uncommon,1,13619,0fd137db-296a-4c17-ba46-8b189d96c1f9,0.14,false,false,near_mint,en,USD,2026-09-07T17:56:03.307Z
Ticket Tortoise,DFT,Aetherdrift,245,normal,common,1,103674,fa178ed7-8f3a-45f0-817d-5fbc7993b04a,0.15,false,false,near_mint,en,USD,2026-09-07T17:56:03.308Z
Camera Launcher,DFT,Aetherdrift,232,normal,common,1,103580,968651db-92fb-46cd-acda-9e097668b7c9,0.12,false,false,near_mint,en,USD,2026-09-07T17:56:03.309Z
Ugin's Conjurant,WAR,War of the Spark,3,normal,uncommon,2,44401,9957ecca-5ea0-446f-bfd3-46c2aaa42f08,0.2,false,false,near_mint,en,USD,2026-09-07T17:56:03.311Z
Guidelight Matrix,DFT,Aetherdrift,233,normal,common,1,103631,cccf7fb5-c043-4a1f-ad2f-edb280cb5037,0.24,false,false,near_mint,en,USD,2026-09-07T17:56:03.312Z
Starting Column,DFT,Aetherdrift,244,normal,common,1,102889,0530b343-98c2-440a-b32e-d1566d318c3b,0.22,false,false,near_mint,en,USD,2026-09-07T17:56:03.313Z
Skybox Ferry,DFT,Aetherdrift,243,normal,common,1,103542,75d9ef34-ae95-4465-a30c-372e231bd733,0.15,false,false,near_mint,en,USD,2026-09-07T17:56:03.314Z
Ent-Draught Basin,LTR,The Lord of the Rings: Tales of Middle-earth,238,normal,uncommon,2,82875,1500126f-fbe4-4c39-bb06-1a36e2c4682f,0.15,false,false,near_mint,en,USD,2026-09-07T17:56:03.315Z
Diary of Dreams,SOS,Secrets of Strixhaven,248,normal,uncommon,1,111763,ee1e0a96-af80-444e-a456-5b256cf60625,0.29,false,false,near_mint,en,USD,2026-09-07T17:56:03.316Z
Strixhaven Skycoach,SOS,Secrets of Strixhaven,252,normal,uncommon,1,112469,87741fbb-b426-4f83-a358-587b0907f081,0.21,false,false,near_mint,en,USD,2026-09-07T17:56:03.320Z
Transcendent Archaic,SOS,Secrets of Strixhaven,5,normal,uncommon,1,112324,1624c680-502b-474a-b9b2-888fe3ca008c,0.09,false,false,near_mint,en,USD,2026-09-07T17:56:03.331Z
Wreck Remover,DFT,Aetherdrift,247,normal,common,1,103318,e3151960-cc0c-47b5-b476-295d7a17ae14,0.19,false,false,near_mint,en,USD,2026-09-07T17:56:03.333Z
Juggernaut,FDN,Foundations,255,normal,uncommon,1,101351,f4468fff-cd6f-428c-b7a0-ff89f5bbea2e,0.07,false,false,near_mint,en,USD,2026-09-07T17:56:03.336Z
Chardalyn Dragon,CLB,Commander Legends: Battle for Baldur's Gate,306,normal,common,1,69209,a950d8be-dcf7-4253-a3cc-c040ba632355,0.15,false,false,near_mint,en,USD,2026-09-07T17:56:03.338Z
Dungeoneer's Pack,CLB,Commander Legends: Battle for Baldur's Gate,312,normal,uncommon,2,69210,aa74e656-480a-4c1b-963d-1b207075c27f,0.3,false,false,near_mint,en,USD,2026-09-07T17:56:03.340Z
Sinister Monolith,BLB,Bloomburrow,113,normal,uncommon,1,96012,2a15e06c-2608-4e7a-a16c-d35417669d86,0.34,false,false,near_mint,en,USD,2026-09-07T17:56:03.342Z
Cloak of the Bat,CLB,Commander Legends: Battle for Baldur's Gate,307,normal,common,1,68942,2f508a65-ff32-480a-b9c6-075074d0c3c3,0.28,false,false,near_mint,en,USD,2026-09-07T17:56:03.344Z
Fishing Pole,FDN,Foundations,128,normal,uncommon,2,101128,c95ab836-3277-4223-9aaa-ef2c77256b65,0.21,false,false,near_mint,en,USD,2026-09-07T17:56:03.345Z
Avarice Totem,5DN,Fifth Dawn,104,normal,uncommon,1,29391,53a5cfa8-4091-445c-8641-64402cca7d2d,0.41,false,false,near_mint,en,USD,2026-09-07T17:56:03.348Z
Planar Atlas,J22,Jumpstart 2022,51,normal,uncommon,1,76523,909b15e4-c6c8-44bf-a993-13a97de40e36,0.55,false,false,near_mint,en,USD,2026-09-07T17:56:03.349Z
Renegade Map,AER,Aether Revolt,173,normal,common,1,6241,ac063445-d0e2-4015-96dc-97098433f30a,0.21,false,false,near_mint,en,USD,2026-09-07T17:56:03.350Z
Filigree Familiar,CMR,Commander Legends,308,normal,common,1,55767,875df3ef-fab4-455f-bfdb-8f6361b27bf6,0.3,false,false,near_mint,en,USD,2026-09-07T17:56:03.356Z
Eldrazi Devastator,BFZ,Battle for Zendikar,7,normal,common,1,10344,04b13e32-01b9-4a86-a3df-ca8b784c6a6c,0.24,false,false,near_mint,en,USD,2026-09-07T17:56:03.357Z
Pilgrim's Eye,CLB,Commander Legends: Battle for Baldur's Gate,333,normal,common,1,68945,32161267-e12b-454f-a7e1-94e078566ffa,0.1,false,false,near_mint,en,USD,2026-09-07T17:56:03.359Z
Treasure Keeper,CLB,Commander Legends: Battle for Baldur's Gate,341,normal,uncommon,1,69244,b68ab416-3394-4cb6-bfc6-33e62964dd1c,0.21,false,false,near_mint,en,USD,2026-09-07T17:56:03.360Z
Rug of Smothering,CLB,Commander Legends: Battle for Baldur's Gate,336,normal,uncommon,1,69203,a73d1cb0-d0dc-4f2a-9cf2-954d5889dd08,0.58,false,false,near_mint,en,USD,2026-09-07T17:56:03.361Z
Arcane Encyclopedia,CLB,Commander Legends: Battle for Baldur's Gate,297,normal,uncommon,1,68818,00ff4cb8-a0e0-4527-a77d-03394065ffe0,0.26,false,false,near_mint,en,USD,2026-09-07T17:56:03.362Z
Bonesplitter,CMR,Commander Legends,458,normal,common,1,56091,690972a8-72df-4050-a353-16e45589167c,0.33,false,false,near_mint,en,USD,2026-09-07T17:56:03.365Z
Jousting Lance,DOM,Dominaria,221,normal,common,1,2055,446579ab-5e36-44e2-84d7-cfa537619146,0.16,false,false,near_mint,en,USD,2026-09-07T17:56:03.372Z
Hero's Blade,CMM,Commander Masters,391,normal,uncommon,1,84462,6da612ec-983b-4a7b-8d52-b853a4c565de,0.27,false,false,near_mint,en,USD,2026-09-07T17:56:03.373Z
Ichorplate Golem,ONE,Phyrexia: All Will Be One,230,normal,uncommon,3,78920,e555abb1-ffd4-4143-9be8-ec8a758f5c2a,0.09,false,false,near_mint,en,USD,2026-09-07T17:56:03.334Z
Bumbleflower's Sharepot,BLB,Bloomburrow,244,normal,common,3,95924,5f0affd5-5dcd-4dd1-a694-37a9aedf4084,0.23,false,false,near_mint,en,USD,2026-09-07T17:56:03.341Z
Goldvein Pick,FDN,Foundations,253,normal,common,3,101572,a241317d-2277-467e-a8f9-aa71c944e244,0.27,false,false,near_mint,en,USD,2026-09-07T17:56:03.346Z
Atraxa's Skitterfang,ONE,Phyrexia: All Will Be One,223,normal,uncommon,2,78859,cdedebad-f71e-4434-871e-5bbbd3c07a12,0.28,false,false,near_mint,en,USD,2026-09-07T17:56:03.367Z
Byway Barterer,BLB,Bloomburrow,129,normal,rare,1,95981,f41fc718-641b-4f32-a8c1-3e5591a05bf8,0.35,false,false,near_mint,en,USD,2026-09-07T18:06:12.957Z
Dragonmaster Outcast,TDC,Tarkir: Dragonstorm Commander,211,normal,mythic,2,104857,a485edea-07cd-48dd-97e7-daeba85553d6,0.35,false,false,near_mint,en,USD,2026-09-07T18:06:12.958Z
Warchief Giant,CM2,Commander Anthology Volume II,127,normal,uncommon,1,1610,49b311c5-90f5-4d26-86ce-b9f645c137e4,1.11,false,false,near_mint,en,USD,2026-09-07T18:06:12.959Z
"Éomer, Marshal of Rohan",LTR,The Lord of the Rings: Tales of Middle-earth,120,normal,rare,2,82845,0bd31ce9-9551-4efe-8bd2-b97d8efbf75e,0.39,false,false,near_mint,en,USD,2026-09-07T18:06:12.960Z
Two-Handed Axe // Sweeping Cleave,CLB,Commander Legends: Battle for Baldur's Gate,203,normal,uncommon,1,68911,21e34888-f57c-4f5d-bb5c-b82be980d145,1.78,false,false,near_mint,en,USD,2026-09-07T18:06:12.961Z
Coruscation Mage,BLB,Bloomburrow,131,normal,uncommon,1,95972,dc2c1de0-6233-469a-be72-a050b97d2c8f,2.9,false,false,near_mint,en,USD,2026-09-07T18:06:12.962Z
Diamond Pick-Axe,LCI,The Lost Caverns of Ixalan,143,normal,uncommon,1,88470,4ae30fa7-3d1d-417f-80d7-a668236cb2c1,2.84,false,false,near_mint,en,USD,2026-09-07T18:06:12.963Z
"Gimli, Counter of Kills",LTR,The Lord of the Rings: Tales of Middle-earth,312,normal,uncommon,1,83426,b72c5bd1-cca1-4735-b4fc-7a5182fb8cd6,0.26,false,false,near_mint,en,USD,2026-09-07T18:06:12.964Z
Flick a Coin,WOE,Wilds of Eldraine,128,normal,common,1,85461,673a67b2-fbb0-4be4-9edd-93946a583f23,0.34,false,false,near_mint,en,USD,2026-09-07T18:06:12.965Z
"Yidaro, Wandering Monster",IKO,Ikoria: Lair of Behemoths,141,normal,rare,1,49936,b540c7c6-5b9e-4606-ac84-e583a62a3647,0.36,false,false,near_mint,en,USD,2026-09-07T18:06:12.966Z
"Koth, Fire of Resistance",ONE,Phyrexia: All Will Be One,138,normal,rare,3,78230,6528e012-4091-4722-b706-c51772676167,0.38,false,false,near_mint,en,USD,2026-09-07T18:06:12.967Z
Rowan's Talent,MOC,March of the Machine Commander,77,normal,rare,1,81340,43e4ca86-0ba5-457c-bd18-9c4cc63e47d3,0.35,false,false,near_mint,en,USD,2026-09-07T18:06:12.968Z
Fall of Cair Andros,LTR,The Lord of the Rings: Tales of Middle-earth,124,normal,rare,1,82985,354b4623-50a0-41f1-ad1e-7dd6ac3852df,0.38,false,false,near_mint,en,USD,2026-09-07T18:06:12.969Z
Bloodfeather Phoenix,MOM,March of the Machine,132,normal,rare,1,81265,ed97bf6f-726c-40aa-bc1c-14fa801da96a,0.26,false,false,near_mint,en,USD,2026-09-07T18:06:12.970Z
Wrathful Red Dragon,CLB,Commander Legends: Battle for Baldur's Gate,207,normal,rare,1,69215,acd207de-eec3-4d82-b8b9-b1e60a7bad12,8.82,false,false,near_mint,en,USD,2026-09-07T18:06:12.971Z
Nemesis Phoenix,CLB,Commander Legends: Battle for Baldur's Gate,403,normal,uncommon,1,69026,54d0aded-3db0-45a7-b9ab-5831c714096f,0.19,false,false,near_mint,en,USD,2026-09-07T18:06:12.972Z
Word of Seizing,CMR,Commander Legends,420,normal,rare,2,56062,4aa93215-9848-42d4-a386-6a248c2a1742,0.26,false,false,near_mint,en,USD,2026-09-07T18:06:12.973Z
Vulshok Factory,ONC,Phyrexia: All Will Be One Commander,16,normal,rare,1,78781,b1c40dd7-6839-49ae-9901-443fd5748877,0.3,false,false,near_mint,en,USD,2026-09-07T18:06:12.974Z
Volt Charge,ONE,Phyrexia: All Will Be One,155,normal,common,3,78630,73d74045-cc9b-4b01-bc5f-0f2eb4b01580,0.29,false,false,near_mint,en,USD,2026-09-07T19:15:44.498Z
Zealous Lorecaster,SOS,Secrets of Strixhaven,137,normal,common,3,112590,36ab2130-9f21-4d30-873a-aa72d3d15fa8,0.12,false,false,near_mint,en,USD,2026-09-07T19:15:44.500Z
Seize the Spoils,SOS,Secrets of Strixhaven,129,normal,common,3,111928,4ddf4e34-a1f9-4636-942d-0a08e9f94320,0.27,false,false,near_mint,en,USD,2026-09-07T19:15:44.502Z
Heated Argument,SOS,Secrets of Strixhaven,118,normal,common,3,111679,0038d212-3d95-4f98-8c2e-7b2404d0ced7,0.06,false,false,near_mint,en,USD,2026-09-07T19:15:44.503Z
Blazing Firesinger // Seething Song,SOS,Secrets of Strixhaven,109,normal,uncommon,4,112595,3ba971e7-0b7a-4750-896f-7cf063e66b2a,0.34,false,false,near_mint,en,USD,2026-09-07T19:15:44.504Z
Unsparing Boltcaster,TDM,Tarkir: Dragonstorm,130,normal,uncommon,1,104488,204f5e5e-d87f-4aee-84e3-28afe8e21591,0.1,false,false,near_mint,en,USD,2026-09-07T19:15:44.505Z
Scrappy Bruiser,MOM,March of the Machine,162,normal,uncommon,2,81195,ab6c877a-25f7-4ee7-8cf0-33728ef085fc,0.25,false,false,near_mint,en,USD,2026-09-07T19:15:44.511Z
Whiskerquill Scribe,BLB,Bloomburrow,161,normal,common,4,96124,da653996-9bd4-40bd-afb4-48c7e070a269,0.16,false,false,near_mint,en,USD,2026-09-07T19:15:44.513Z
Teeterpeak Ambusher,ZNR,Zendikar Rising,169,normal,common,4,54691,ad57c2f3-d9cb-4165-bb39-897b5b12689e,0.05,false,false,near_mint,en,USD,2026-09-07T19:15:44.514Z
Steampath Charger,BLB,Bloomburrow,153,normal,common,3,95890,03bf1296-e347-4070-8c6f-5c362c2f9364,0.13,false,false,near_mint,en,USD,2026-09-07T19:15:44.515Z
Slumbering Cerberus,FDN,Foundations,94,normal,uncommon,2,100892,9d06faa8-201d-45db-b398-ad56f7b01848,0.17,false,false,near_mint,en,USD,2026-09-07T19:15:44.516Z
Raccoon Rallier,BLB,Bloomburrow,148,normal,common,3,96104,b5b5180f-5a1c-4df8-9019-195e65a50ce3,0.21,false,false,near_mint,en,USD,2026-09-07T19:15:44.517Z
Prowcatcher Specialist,DFT,Aetherdrift,142,normal,common,1,103224,affbc8db-4ff7-4a86-954a-910493e5a2ef,0.12,false,false,near_mint,en,USD,2026-09-07T19:15:44.518Z
Lambholt Harrier,MID,Innistrad: Midnight Hunt,145,normal,common,3,63476,e2a732ca-cd68-465f-8e44-783e1fe34e44,0.17,false,false,near_mint,en,USD,2026-09-07T19:15:44.519Z
Gastal Blockbuster,DFT,Aetherdrift,128,normal,common,1,103650,dca41ec6-8f8f-42ef-abac-cc645c6440b7,0.09,false,false,near_mint,en,USD,2026-09-07T19:15:44.520Z
Act of Aggression,C15,Commander 2015,141,normal,uncommon,1,9895,8d34c3aa-7d74-4a8b-898c-cb62b1f05989,0.32,false,false,near_mint,en,USD,2026-09-07T19:15:44.521Z
Relentless Rohirrim,LTR,The Lord of the Rings: Tales of Middle-earth,144,normal,common,2,82924,21b7606a-6a4c-4bf0-b311-1883383161d2,0.11,false,false,near_mint,en,USD,2026-09-07T19:15:44.522Z
Taunting Kobold,CLB,Commander Legends: Battle for Baldur's Gate,199,normal,uncommon,1,69140,87149c2a-503b-46e0-9a7f-cc40a9507883,0.2,false,false,near_mint,en,USD,2026-09-07T19:15:44.524Z
Axgard Cavalry,FDN,Foundations,189,normal,common,8,101631,fe3cc41a-adae-4c9b-b4d3-03f3ca862fed,0.22,false,false,near_mint,en,USD,2026-09-07T19:15:44.525Z
Breaking of the Fellowship,LTR,The Lord of the Rings: Tales of Middle-earth,117,normal,common,1,82865,130f60d0-4fac-4e4e-a938-58f3b96e5335,0.15,false,false,near_mint,en,USD,2026-09-07T19:15:44.526Z
Twin Bolt,TDM,Tarkir: Dragonstorm,128,normal,common,4,105137,688d8e93-d071-4089-9ef9-565ac4ae9ae0,0.1,false,false,near_mint,en,USD,2026-09-07T19:15:44.527Z
Tome Blast,SOS,Secrets of Strixhaven,135,normal,common,5,112630,72a3b17d-1e00-48e9-8402-c81bacd595a7,0.12,false,false,near_mint,en,USD,2026-09-07T19:15:44.530Z
Unsubtle Mockery,SOS,Secrets of Strixhaven,136,normal,common,3,112580,2b7cb1a3-761e-470e-a164-6e29dd9448cd,0.07,false,false,near_mint,en,USD,2026-09-07T19:15:44.531Z
Rearing Embermare,SOS,Secrets of Strixhaven,127,normal,common,4,112561,06dd56bd-de92-4202-af31-7e881c34d799,0.09,false,false,near_mint,en,USD,2026-09-07T19:15:44.534Z
Garrison Excavator,SOS,Secrets of Strixhaven,116,normal,uncommon,2,112308,f11d2846-f181-4751-82ac-1e1ced6f46c7,0.18,false,false,near_mint,en,USD,2026-09-07T19:15:44.535Z
Seize Opportunity,TDM,Tarkir: Dragonstorm,119,normal,common,3,104391,f7818d28-b9a5-4341-9adc-666070b8878d,0.23,false,false,near_mint,en,USD,2026-09-07T19:15:44.537Z
Goblin Boarders,FDN,Foundations,87,normal,common,3,101506,4409a063-bf2a-4a49-803e-3ce6bd474353,0.19,false,false,near_mint,en,USD,2026-09-07T19:15:44.539Z
Furnace Punisher,ONE,Phyrexia: All Will Be One,132,normal,uncommon,2,78594,65e5fc08-7a04-4bba-81ba-990889cae96a,0.15,false,false,near_mint,en,USD,2026-09-07T19:15:44.540Z
Forgehammer Centurion,ONE,Phyrexia: All Will Be One,130,normal,common,5,78833,c4c2c914-e9a7-450b-88d9-8885fe0f6643,0.06,false,false,near_mint,en,USD,2026-09-07T19:15:44.542Z
Firespitter Whelp,FDN,Foundations,197,normal,uncommon,1,100463,4b3a4c7d-3126-4bde-9dca-cb6a1e2f37c9,0.24,false,false,near_mint,en,USD,2026-09-07T19:15:44.543Z
Crackling Cyclops,FDN,Foundations,83,normal,common,3,101541,6e5b899a-52f7-471b-ad50-4fa6566758fd,0.12,false,false,near_mint,en,USD,2026-09-07T19:15:44.544Z
Firebrand Archer,FDN,Foundations,196,normal,common,3,101630,fe0312f1-4c98-4b7f-8a34-0059ea80edef,0.26,false,false,near_mint,en,USD,2026-09-07T19:15:44.545Z
Courageous Goblin,FDN,Foundations,82,normal,common,4,101566,8db6819c-666a-409d-85a5-b9ac34d8dd2f,0.1,false,false,near_mint,en,USD,2026-09-07T19:15:44.546Z
Brazen Collector,BLB,Bloomburrow,128,normal,uncommon,1,95873,78b55a58-c669-4dc6-aa63-5d9dff52e613,0.24,false,false,near_mint,en,USD,2026-09-07T19:15:44.547Z
Axiom Engraver,ONE,Phyrexia: All Will Be One,120,normal,common,3,78849,c9b3b785-396e-4240-bfa3-58ab53497686,0.11,false,false,near_mint,en,USD,2026-09-07T19:15:44.548Z
Scampering Scorcher,M20,Core Set 2020,158,normal,uncommon,2,45303,dccbe031-1547-4fa5-ba9a-caa1b1f5eb5d,0.26,false,false,near_mint,en,USD,2026-09-07T19:15:44.549Z
Brimstone Mage,ROE,Rise of the Eldrazi,137,normal,uncommon,3,21830,1f65ebef-e159-4698-8852-650b7b6a08d3,0.13,false,false,near_mint,en,USD,2026-09-07T19:15:44.550Z
Mounted Dreadknight,MID,Innistrad: Midnight Hunt,150,normal,common,3,63443,d1814fc8-011f-4cd4-825b-f00ae6ec0fe0,0.08,false,false,near_mint,en,USD,2026-09-07T19:15:44.551Z
Magmatic Sprinter,ONE,Phyrexia: All Will Be One,140,normal,uncommon,2,78478,2e6af42f-35ec-432f-9879-2a0fb938a9f6,0.16,false,false,near_mint,en,USD,2026-09-07T19:15:44.552Z
Pyroceratops,IKO,Ikoria: Lair of Behemoths,130,normal,common,3,49947,f6599645-dbb5-4174-bd26-8556af6d89c3,0.17,false,false,near_mint,en,USD,2026-09-07T19:15:44.553Z
Kuldotha Cackler,ONE,Phyrexia: All Will Be One,139,normal,common,3,78956,f7155c42-a824-4bbe-9f7a-fa01e7625fd6,0.07,false,false,near_mint,en,USD,2026-09-07T19:15:44.554Z
Gimli's Fury,LTR,The Lord of the Rings: Tales of Middle-earth,131,normal,common,2,83627,efde011d-8732-49b3-9204-8b114a3d81ba,0.19,false,false,near_mint,en,USD,2026-09-07T19:15:44.555Z
Red Dragon,AFR,Adventures in the Forgotten Realms,160,normal,uncommon,3,60306,7cf57369-b8e2-481c-89d4-c83c617499a3,0.28,false,false,near_mint,en,USD,2026-09-07T19:15:44.556Z
Alania's Pathmaker,BLB,Bloomburrow,123,normal,common,3,96123,d3871fe6-e26e-4ab4-bd81-7e3c7b8135c1,0.16,false,false,near_mint,en,USD,2026-09-07T19:15:44.557Z
Karsus Depthguard,MOM,March of the Machine,150,normal,common,2,81303,0ac76be5-3a2c-499e-830a-bd02eec517ce,0.1,false,false,near_mint,en,USD,2026-09-07T19:15:44.558Z
Carnelian Orb of Dragonkind,CLB,Commander Legends: Battle for Baldur's Gate,166,normal,common,1,69355,e7e41166-bdaa-4aed-986a-7be1d043240c,0.39,false,false,near_mint,en,USD,2026-09-07T19:15:44.559Z
Genasi Enforcers,CLB,Commander Legends: Battle for Baldur's Gate,177,normal,common,1,69047,5ac424e1-7806-46ee-84a9-ca2f0dd468a4,0.24,false,false,near_mint,en,USD,2026-09-07T19:15:44.562Z
Hijack,XLN,Ixalan,148,normal,common,1,3864,519c5660-4daf-4404-b808-66d1c840ab70,0.23,false,false,near_mint,en,USD,2026-09-07T19:15:44.563Z
Coastline Marauders,CMR,Commander Legends,168,normal,uncommon,1,55744,7a47e6bc-422a-4627-b21e-5a042193bed0,0.31,false,false,near_mint,en,USD,2026-09-07T19:15:44.564Z
Marauding Dreadship,MOM,March of the Machine,153,normal,common,1,81311,15625d6a-3844-4d23-ab35-ee3c3508db8d,0.15,false,false,near_mint,en,USD,2026-09-07T19:15:44.565Z
Thrashing Frontliner,MOM,March of the Machine,167,normal,common,2,81388,77fd9ccb-2cb0-4fe1-9eb0-ba929bb527be,0.05,false,false,near_mint,en,USD,2026-09-07T19:15:44.566Z
Strife Scholar // Awaken the Ages,SOS,Secrets of Strixhaven,131,normal,common,5,112644,8de79312-2046-425e-9919-49afe19be81b,0.06,false,false,near_mint,en,USD,2026-09-07T19:15:44.499Z
Ancestral Anger,SOS,Secrets of Strixhaven,106,normal,common,4,112627,6c5a93d6-d4ab-4062-bb3c-1b5330bf15ad,0.23,false,false,near_mint,en,USD,2026-09-07T19:15:44.501Z
Underfoot Underdogs,TDM,Tarkir: Dragonstorm,129,normal,common,5,104431,049acc79-1d68-410f-a081-88a7d40e823a,0.15,false,false,near_mint,en,USD,2026-09-07T19:15:44.506Z
Summit Intimidator,TDM,Tarkir: Dragonstorm,125,normal,common,4,104373,e3cba0b1-7c22-4e51-b9cf-5bf01e67a222,0.07,false,false,near_mint,en,USD,2026-09-07T19:15:44.507Z
Rescue Leopard,TDM,Tarkir: Dragonstorm,116,normal,common,4,105119,056136a8-84be-477c-b654-63238fb8236e,0.14,false,false,near_mint,en,USD,2026-09-07T19:15:44.508Z
Furnace Punisher,ONE,Phyrexia: All Will Be One,291,normal,uncommon,3,78617,6f66c086-bb19-45d1-8387-17348f2c5c78,0.1,false,false,near_mint,en,USD,2026-09-07T19:15:44.512Z
Hate Mirage,C19,Commander 2019,26,normal,uncommon,2,45908,9e58b2ad-0c5e-468e-983a-45d412454a67,0.26,false,false,near_mint,en,USD,2026-09-07T19:15:44.523Z
Rubble Rouser,SOS,Secrets of Strixhaven,128,normal,common,4,112664,afe61957-a9bb-42b0-98e8-b5fa418cbaff,0.19,false,false,near_mint,en,USD,2026-09-07T19:15:44.528Z
Harnesser of Storms,BLB,Bloomburrow,137,normal,uncommon,2,95962,b56beeb6-88ca-475e-8654-1d4e8b4aa3c0,0.26,false,false,near_mint,en,USD,2026-09-07T19:15:44.536Z
Axgard Artisan,MOM,March of the Machine,332,normal,uncommon,1,81198,af130b37-d3e0-4839-8193-5c62a91f0218,0.43,false,false,near_mint,en,USD,2026-09-07T19:19:28.961Z
Hangar Scrounger,MOM,March of the Machine,142,normal,common,1,81443,c2551b01-4d88-47f3-b54d-96ec03e093f8,0.19,false,false,near_mint,en,USD,2026-09-07T19:19:28.962Z
Staggershock,2X2,Double Masters 2022,125,normal,uncommon,1,70235,56976d52-053d-49e9-94c0-f21dc13029ac,0.15,false,false,near_mint,en,USD,2026-09-07T19:19:28.964Z
Improvised Club,LTR,The Lord of the Rings: Tales of Middle-earth,137,normal,common,2,83432,b8397d13-eeaf-4b4e-b3cd-9a9ac231873a,0.19,false,false,near_mint,en,USD,2026-09-07T19:19:28.965Z
Pedal to the Metal,DFT,Aetherdrift,141,normal,common,1,103110,75d07295-78b7-4f90-82c7-e7a639db9993,0.19,false,false,near_mint,en,USD,2026-09-07T19:19:28.966Z
Tackle Artist,SOS,Secrets of Strixhaven,133,normal,common,5,112672,b87e2474-98c1-4c1a-91ed-340b72d31653,0.12,false,false,near_mint,en,USD,2026-09-07T19:19:28.968Z
Electric Revelation,OTC,Outlaws of Thunder Junction Commander,163,normal,common,1,93864,d06023c5-8cb8-4d67-bba6-8dd5201a25dd,0.33,false,false,near_mint,en,USD,2026-09-07T19:19:28.969Z
Ingenious Artillerist,CLB,Commander Legends: Battle for Baldur's Gate,182,normal,common,1,68898,1d8dd6c3-3699-4dd1-a019-fdb569eaf722,2.39,false,false,near_mint,en,USD,2026-09-07T19:19:28.970Z
Fire-Rim Form,TDM,Tarkir: Dragonstorm,107,normal,common,3,104537,32dc1bf4-a135-449f-848f-361a5360fae1,0.15,false,false,near_mint,en,USD,2026-09-07T19:19:28.972Z
Might of the Meek,BLB,Bloomburrow,144,normal,common,5,95627,509bf254-8a2b-4dfa-9ae5-386321b35e8b,0.3,false,false,near_mint,en,USD,2026-09-07T19:19:28.974Z
Blazing Crescendo,ONE,Phyrexia: All Will Be One,123,normal,common,4,78878,d6bfc16a-2871-40a4-b279-636b80491a06,0.29,false,false,near_mint,en,USD,2026-09-07T19:19:28.975Z
Run Amok,KHM,Kaldheim,147,normal,common,4,56845,44c8136f-2826-476c-a103-7094670506a6,0.24,false,false,near_mint,en,USD,2026-09-07T19:19:28.977Z
Sazacap's Brew,BLB,Bloomburrow,151,normal,common,4,96330,6d963080-b3ec-467d-82f7-39db6ecd6bbc,0.21,false,false,near_mint,en,USD,2026-09-07T19:19:28.978Z
Skycrash,DFT,Aetherdrift,146,normal,uncommon,1,103560,87e82be6-d2b4-4c95-8466-477e8c6832e9,0.23,false,false,near_mint,en,USD,2026-09-07T19:19:28.979Z
Sure Strike,FDN,Foundations,209,normal,common,3,101525,5de6a1e4-5c66-43e6-9f2a-2635bdab03f6,0.13,false,false,near_mint,en,USD,2026-09-07T19:19:28.980Z
Take Out the Trash,BLB,Bloomburrow,156,normal,common,4,95940,7a1c6f00-af4c-4d35-b682-6c0e759df9a5,0.19,false,false,near_mint,en,USD,2026-09-07T19:19:28.981Z
Seismic Rupture,FDN,Foundations,205,normal,uncommon,2,100268,2519a51a-26a0-4884-9ba8-9db135c9ee49,0.13,false,false,near_mint,en,USD,2026-09-07T19:19:28.982Z
Thundering Rebuke,ZNR,Zendikar Rising,170,normal,uncommon,4,54780,dc671707-4708-44d8-8ec8-d5332599adf9,0.11,false,false,near_mint,en,USD,2026-09-07T19:19:28.984Z
Rebel Salvo,ONE,Phyrexia: All Will Be One,144,normal,uncommon,3,78856,cd37d1b1-70ce-466e-890d-36be82433035,0.23,false,false,near_mint,en,USD,2026-09-07T19:19:28.985Z
Rohirrim Lancer,LTR,The Lord of the Rings: Tales of Middle-earth,146,normal,common,1,82963,2f506f9f-4c0d-44e8-9f81-8403d808d0e4,0.17,false,false,near_mint,en,USD,2026-09-07T19:19:28.986Z
Stoke the Flames,MOM,March of the Machine,166,normal,uncommon,1,80996,04113b3c-cc8f-4b15-9091-f82ea3df2e7c,0.29,false,false,near_mint,en,USD,2026-09-07T19:19:28.988Z
Shivan Branch-Burner,MOM,March of the Machine,165,normal,uncommon,2,81255,e585631c-bd41-4b48-aac4-4b6f5636ecd5,0.15,false,false,near_mint,en,USD,2026-09-07T19:19:28.989Z
Trailblazing Historian,MOM,March of the Machine,168,normal,common,2,81428,a53088da-25b5-4c7e-9a11-456fbc814dfc,0.17,false,false,near_mint,en,USD,2026-09-07T19:19:28.990Z
Rapacious Dragon,TDC,Tarkir: Dragonstorm Commander,229,normal,uncommon,2,104453,1098504a-977a-4733-a1ee-086461113a84,0.36,false,false,near_mint,en,USD,2026-09-07T19:19:28.992Z
Fiery Annihilation,FDN,Foundations,86,normal,uncommon,1,100523,54fe00aa-d284-48f9-b5a2-1bd4c5fa8e58,0.23,false,false,near_mint,en,USD,2026-09-07T19:19:28.994Z
Rabid Gnaw,BLB,Bloomburrow,147,normal,uncommon,2,96014,2f815bae-820a-49f6-8eed-46f658e7b6ff,0.26,false,false,near_mint,en,USD,2026-09-07T19:19:28.976Z
"Erkenbrand, Lord of Westfold",LTR,The Lord of the Rings: Tales of Middle-earth,123,normal,uncommon,3,82999,38f81e68-cddd-47f4-b1d1-a297c3298c25,0.15,false,false,near_mint,en,USD,2026-09-07T19:19:28.983Z
Blacksmith's Talent,BLB,Bloomburrow,125,normal,uncommon,2,96029,4bb318fa-481d-40a7-978e-f01b49101ae0,0.33,false,false,near_mint,en,USD,2026-09-07T19:23:22.673Z
Burn the Accursed,MID,Innistrad: Midnight Hunt,132,normal,common,2,63521,ff4d4e6b-564d-46da-8e32-09ed08c8ddc5,0.06,false,false,near_mint,en,USD,2026-09-07T19:23:22.675Z
Earth Tremor,CLB,Commander Legends: Battle for Baldur's Gate,171,normal,common,1,69243,b5f700c6-7591-481d-b223-21f5b820e831,0.12,false,false,near_mint,en,USD,2026-09-07T19:23:22.676Z
Agate Assault,BLB,Bloomburrow,122,normal,common,4,96066,7dd9946b-515e-4e0d-9da2-711e126e9fa6,0.15,false,false,near_mint,en,USD,2026-09-07T19:23:22.680Z
Nahiri's Sacrifice,ONE,Phyrexia: All Will Be One,142,normal,uncommon,2,78721,98395039-1353-4fa8-b51d-c4e1cadf9263,0.18,false,false,near_mint,en,USD,2026-09-07T19:23:22.681Z
Gleeful Demolition,ONE,Phyrexia: All Will Be One,134,normal,uncommon,3,78745,a3e4efa6-5783-4a51-99c6-116d1a8f01cf,0.24,false,false,near_mint,en,USD,2026-09-07T19:23:22.682Z
Swashbuckler Extraordinaire,CLB,Commander Legends: Battle for Baldur's Gate,198,normal,uncommon,2,69226,b06604f3-c70c-44d6-b1b9-e915552084e0,0.3,false,false,near_mint,en,USD,2026-09-07T19:23:22.683Z
Lightning-Rig Crew,CMR,Commander Legends,190,normal,uncommon,1,56130,8fa676ef-3f26-43bb-98f9-9b0b9681a7fe,0.31,false,false,near_mint,en,USD,2026-09-07T19:23:22.684Z
Pyreheart Wolf,DKA,Dark Ascension,101,normal,uncommon,1,18436,9722f20c-e0d9-4165-8cd5-4abadc5378eb,0.37,false,false,near_mint,en,USD,2026-09-07T19:23:22.685Z
Jaded Sell-Sword,AFR,Adventures in the Forgotten Realms,152,normal,common,1,60526,ff5219c0-fb43-47b1-b682-131ba7c70990,0.16,false,false,near_mint,en,USD,2026-09-07T19:23:22.686Z
Forge Devil,M15,Magic 2015,140,normal,common,2,13712,5bbf66a4-8fd4-4c87-89e2-c6ad6c4de7ab,0.08,false,false,near_mint,en,USD,2026-09-07T19:23:22.687Z
Immobilizer Eldrazi,OGW,Oath of the Gatewatch,97,normal,uncommon,1,9285,95d9c92d-8b1b-4adc-8015-d50e673b6321,0.13,false,false,near_mint,en,USD,2026-09-07T19:23:22.688Z
Brambleguard Captain,BLB,Bloomburrow,127,normal,uncommon,3,95883,e200b8bf-f2f3-4157-8e04-02baf07a963e,0.18,false,false,near_mint,en,USD,2026-09-07T19:23:22.689Z
Voldaren Stinger,MID,Innistrad: Midnight Hunt,167,normal,common,2,63504,f27a7c78-3a64-42fc-8808-15b1f41976a1,0.16,false,false,near_mint,en,USD,2026-09-07T19:23:22.690Z
Frilled Sparkshooter,BLB,Bloomburrow,136,normal,common,5,95934,674bbd6d-e329-42cf-963d-88d1ce8fe51e,0.16,false,false,near_mint,en,USD,2026-09-07T19:23:22.691Z
Teapot Slinger,BLB,Bloomburrow,157,normal,uncommon,1,96015,30506844-349f-4b68-8cc1-d028c1611cc7,0.23,false,false,near_mint,en,USD,2026-09-07T19:23:22.692Z
Onakke Javelineer,MOM,March of the Machine,156,normal,common,1,81464,e5446057-7330-40b9-a5d9-bad4876337cd,0.09,false,false,near_mint,en,USD,2026-09-07T19:23:22.693Z
Kindlespark Duo,BLB,Bloomburrow,142,normal,common,4,96096,a839fba3-1b66-4dd1-bf43-9b015b44fc81,0.27,false,false,near_mint,en,USD,2026-09-07T19:23:22.694Z
Thermo-Alchemist,INR,Innistrad Remastered,174,normal,uncommon,1,102616,78b194b3-108a-4152-bd37-52c302e25ad6,0.36,false,false,near_mint,en,USD,2026-09-07T19:23:22.695Z
Gorehorn Raider,FDN,Foundations,89,normal,common,4,101551,78ce6c40-3452-4aa0-a45b-dbfd70f8d220,0.13,false,false,near_mint,en,USD,2026-09-07T19:23:22.696Z
Awaken the Sleeper,ONE,Phyrexia: All Will Be One,119,normal,uncommon,5,78509,3b92f866-2522-4f2a-a5ca-7d01ad79b927,0.2,false,false,near_mint,en,USD,2026-09-07T19:23:22.697Z
Overwhelming Surge,TDM,Tarkir: Dragonstorm,115,normal,uncommon,1,105163,bd7af85f-354e-468a-990b-bd774e68240f,0.25,false,false,near_mint,en,USD,2026-09-07T19:23:22.698Z
Wild Ride,TDM,Tarkir: Dragonstorm,132,normal,common,3,105154,abc8c6f5-6135-428e-8476-1751f82623f9,0.24,false,false,near_mint,en,USD,2026-09-07T19:23:22.700Z
War Squeak,BLB,Bloomburrow,160,normal,common,3,95999,105964a7-88b7-4340-aa66-e908189a3638,0.2,false,false,near_mint,en,USD,2026-09-07T19:23:22.701Z
Channeled Dragonfire,TDM,Tarkir: Dragonstorm,102,normal,uncommon,1,104499,24204881-690c-4043-8771-20cb93385072,0.19,false,false,near_mint,en,USD,2026-09-07T19:23:22.703Z
Firebolt,JVC,Duel Decks Anthology: Jace vs. Chandra,49,normal,common,1,12242,5ea4db47-77ae-4362-83f2-4bf5e205a1b7,0.35,false,false,near_mint,en,USD,2026-09-07T19:23:22.704Z
Phoenix Chick,DMU,Dominaria United,140,normal,uncommon,2,71546,76bdc912-61da-428d-b0d7-3a38676a402a,0.32,false,false,near_mint,en,USD,2026-09-07T19:23:22.705Z
Guttersnipe,TDC,Tarkir: Dragonstorm Commander,217,normal,uncommon,1,105072,fd5be605-c7c3-4c0b-a68e-65452b27d3ce,0.32,false,false,near_mint,en,USD,2026-09-07T19:23:22.706Z
Fanatical Firebrand,FDN,Foundations,195,normal,common,3,101598,d1296316-7781-4e98-95e6-7020648be6a5,0.22,false,false,near_mint,en,USD,2026-09-07T19:23:22.707Z
Meticulous Artisan,TDM,Tarkir: Dragonstorm,112,normal,common,5,104912,baf4c9dd-0546-41ac-a7ba-0bc312fef31e,0.07,false,false,near_mint,en,USD,2026-09-07T19:23:22.708Z
Rally at the Hornburg,LTR,The Lord of the Rings: Tales of Middle-earth,142,normal,common,1,83622,ee7292f7-1c7e-449c-9c52-7584d6a14c2c,0.32,false,false,near_mint,en,USD,2026-09-07T19:23:22.709Z
Sower of Chaos,FDN,Foundations,95,normal,common,4,101556,7ff50606-491c-4946-8d03-719b01cfad77,0.08,false,false,near_mint,en,USD,2026-09-07T19:23:22.710Z
Ravaging Blaze,CMM,Commander Masters,250,normal,uncommon,1,84746,ae28c04c-d208-4949-a3ec-7d549f5740c3,0.25,false,false,near_mint,en,USD,2026-09-07T19:23:22.711Z
Sawblade Scamp,ONE,Phyrexia: All Will Be One,292,normal,common,9,78609,6c3df8b6-3f31-4d1c-a165-40cb3f2e2233,0.13,false,false,near_mint,en,USD,2026-09-07T19:23:22.712Z
Village Messenger // Moonrise Intruder,INR,Innistrad Remastered,179,normal,common,2,102663,8bdc98cd-d03a-4c24-8642-b9ffb1f144c6,0.22,false,false,near_mint,en,USD,2026-09-07T19:23:22.713Z
Gibbering Fiend,SOI,Shadows over Innistrad,161,normal,uncommon,1,8835,5113c437-3276-4591-b95e-c2afb9d6329a,0.29,false,false,near_mint,en,USD,2026-09-07T19:23:22.714Z
Conduct Electricity,BLB,Bloomburrow,130,normal,common,3,95906,2f373dd6-2412-453c-85ba-10230dfe473a,0.14,false,false,near_mint,en,USD,2026-09-08T10:50:29.748Z
Fury Sliver,TSR,Time Spiral Remastered,164,normal,uncommon,1,57790,a8a64329-09fc-4e0d-b7d1-378635f2801a,0.78,false,false,near_mint,en,USD,2026-09-08T10:50:29.752Z
Homing Sliver,TSR,Time Spiral Remastered,171,normal,common,1,57787,a7f2073b-bc1f-4611-9bdf-73cb86892886,0.22,false,false,near_mint,en,USD,2026-09-08T10:50:29.755Z
Spitfire Lagac,FDN,Foundations,208,normal,common,3,101496,30f600cd-b696-4f49-9cbc-5a33aa43d04c,0.23,false,false,near_mint,en,USD,2026-09-08T10:50:29.757Z
Mirran Banesplitter,MOM,March of the Machine,154,normal,common,1,82040,ee4d00b8-1373-47b2-9be5-2199e0b12540,0.21,false,false,near_mint,en,USD,2026-09-08T10:50:29.762Z
Fang Dragon // Forktail Sweep,CLB,Commander Legends: Battle for Baldur's Gate,173,normal,common,1,68974,3d74937b-c87f-4894-8f00-36e4d6844ebd,0.29,false,false,near_mint,en,USD,2026-09-08T10:50:29.763Z
Breaching Dragonstorm,TDM,Tarkir: Dragonstorm,101,normal,uncommon,1,105013,e2c2a069-7553-4879-abfb-b2aa3349e4b8,0.33,false,false,near_mint,en,USD,2026-09-08T10:50:29.764Z
Shivan Dragon,FDN,Foundations,206,normal,uncommon,1,100236,1fcff1e0-2745-448d-a27b-e31719e222e9,0.14,false,false,near_mint,en,USD,2026-09-08T10:50:29.765Z
Hidetsugu's Second Rite,FDN,Foundations,202,normal,uncommon,2,100577,609421da-8d89-4365-b18b-778832d91482,0.15,false,false,near_mint,en,USD,2026-09-08T10:50:29.767Z
Incinerating Blast,FDN,Foundations,90,normal,common,2,101603,d58e20ab-c5ca-4295-884d-78efdaa83243,0.07,false,false,near_mint,en,USD,2026-09-08T10:50:29.771Z
Reckless Barbarian,CLB,Commander Legends: Battle for Baldur's Gate,193,normal,common,1,69289,c912e984-1d27-4da2-9733-d56e437bcf58,0.33,false,false,near_mint,en,USD,2026-09-08T10:50:29.773Z
Stormshriek Feral // Flush Out,TDM,Tarkir: Dragonstorm,124,normal,common,4,104447,0ec92c44-7cf0-48a5-a3ca-bc633496d887,0.18,false,false,near_mint,en,USD,2026-09-08T10:50:29.775Z
Cacophony Scamp,ONE,Phyrexia: All Will Be One,124,normal,uncommon,2,78489,3553dcef-7b99-49d5-b071-06b894696952,0.25,false,false,near_mint,en,USD,2026-09-08T10:50:29.778Z
Smelt,M19,Core Set 2019,158,normal,common,1,1154,9a13293d-89a7-400c-8309-9f62eeb4769c,0.2,false,false,near_mint,en,USD,2026-09-08T10:50:29.781Z
Thopter Engineer,BLC,Bloomburrow Commander,204,normal,uncommon,2,96219,2933e3df-0cba-4e4b-87f9-70e56093da91,0.28,false,false,near_mint,en,USD,2026-09-08T10:50:29.783Z
Shredded Sails,IKO,Ikoria: Lair of Behemoths,136,normal,common,2,49941,8b10219a-aa72-4431-9a6a-984109a605c8,0.19,false,false,near_mint,en,USD,2026-09-08T10:50:29.784Z
Shatter the Source,MOM,March of the Machine,164,normal,common,1,81295,032720a1-410b-4638-9294-35fd8e27375f,0.3,false,false,near_mint,en,USD,2026-09-08T10:50:29.785Z
Living History,SOS,Secrets of Strixhaven,121,normal,uncommon,2,112569,2028792c-fd60-40d4-bff7-3b82dbe1ffb5,0.08,false,false,near_mint,en,USD,2026-09-08T10:50:29.791Z
Archaic's Agony,SOS,Secrets of Strixhaven,107,normal,uncommon,1,111653,8d99f8b2-5c1c-4059-bf68-c6b2e9e5b275,0.1,false,false,near_mint,en,USD,2026-09-08T10:50:29.793Z
Chimney Rabble,ONE,Phyrexia: All Will Be One,126,normal,common,2,78553,5668699d-8df8-426b-a04a-99cfe55e570b,0.14,false,false,near_mint,en,USD,2026-09-08T10:50:29.795Z
Éomer of the Riddermark,LTR,The Lord of the Rings: Tales of Middle-earth,121,normal,uncommon,2,83552,d920fcaf-4988-4186-962d-cdda25d79e7b,0.17,false,false,near_mint,en,USD,2026-09-08T10:50:29.797Z
Ral's Reinforcements,MOM,March of the Machine,158,normal,common,1,81387,74d0bb76-075c-49d7-9afb-e5bcf5b654f7,0.26,false,false,near_mint,en,USD,2026-09-08T10:50:29.798Z
Heartfire Immolator,FDN,Foundations,201,normal,uncommon,1,100390,3ca38f4d-01f5-4a02-9000-01261a440dbf,0.22,false,false,near_mint,en,USD,2026-09-08T10:50:29.799Z
Heartfire Hero,BLB,Bloomburrow,138,normal,uncommon,1,95870,48ace959-66b2-40c8-9bff-fd7ed9c99a82,0.34,false,false,near_mint,en,USD,2026-09-08T10:50:29.800Z
Equilibrium Adept,TDM,Tarkir: Dragonstorm,106,normal,uncommon,1,104335,a4ba6d74-c6be-4a5e-8859-b791bb6b8f51,0.14,false,false,near_mint,en,USD,2026-09-08T10:50:29.801Z
Oxidda Finisher,ONE,Phyrexia: All Will Be One,143,normal,uncommon,3,78624,7177431e-5cc4-4ecd-8848-f51903289072,0.21,false,false,near_mint,en,USD,2026-09-08T10:50:29.809Z
Ramosian Greatsword,MOM,March of the Machine,159,normal,uncommon,1,81271,efd6f04e-e83d-4580-ae3f-583ada848868,0.23,false,false,near_mint,en,USD,2026-09-08T10:50:29.811Z
Flameblade Adept,AKH,Amonkhet,131,normal,uncommon,1,5554,f974d05a-3b31-4661-af18-58d87b76f19e,0.27,false,false,near_mint,en,USD,2026-09-08T10:50:29.815Z
Chandra's Pyreling,M21,Core Set 2021,138,normal,uncommon,1,51051,e7744fcf-2336-489d-bc05-f3fce78713a9,0.18,false,false,near_mint,en,USD,2026-09-08T10:50:29.816Z
Playful Shove,BLB,Bloomburrow,145,normal,uncommon,1,95993,07956edf-34c1-4218-9784-ddbca13e380c,0.27,false,false,near_mint,en,USD,2026-09-08T10:50:29.818Z
Harried Artisan // Phyrexian Skyflayer,MOM,March of the Machine,143,normal,uncommon,1,81114,73e92389-4bd2-492e-b4d6-d7cb6baedc41,0.05,false,false,near_mint,en,USD,2026-09-08T10:50:29.821Z
Viashino Sandstalker,9ED,Ninth Edition,225,normal,uncommon,1,28138,1954d2eb-c1d0-4b99-a89c-357beb710055,0.1,false,false,near_mint,en,USD,2026-09-08T10:50:29.822Z
Unstable Amulet,MH3,Modern Horizons 3,142,normal,uncommon,1,94559,9d9949f5-8d6c-4ea9-b203-99e8a57a6c60,0.24,false,false,near_mint,en,USD,2026-09-08T10:50:29.823Z
Gilded Ghoda,DFT,Aetherdrift,130,normal,common,1,103050,55685602-a18c-43a4-ac60-13b039672fa4,0.29,false,false,near_mint,en,USD,2026-09-08T10:50:29.824Z
Dowsing Device // Geode Grotto,LCI,The Lost Caverns of Ixalan,146,normal,uncommon,2,88423,3d715e9f-223d-462e-8ce3-eebbaf1cd021,0.3,false,false,near_mint,en,USD,2026-09-08T10:50:29.825Z
Akki Scrapchomper,MOM,March of the Machine,130,normal,common,1,81435,b0e02737-0193-46e4-a506-cec86a44dc99,0.28,false,false,near_mint,en,USD,2026-09-08T10:50:29.826Z
"Tyrox, Saurid Tyrant",DFT,Aetherdrift,149,normal,uncommon,1,103439,159dc5a8-5cba-4c20-8c07-28a3d86c8411,0.22,false,false,near_mint,en,USD,2026-09-08T10:50:29.827Z
Borderland Marauder,BBD,Battlebond,170,normal,common,2,1823,a1ef17d5-2698-4a29-b6d3-59592849e759,0.1,false,false,near_mint,en,USD,2026-09-08T10:50:29.828Z
Fearless Skald,MOM,March of the Machine,138,normal,uncommon,1,81074,4e317d1d-3f20-4f0d-8b1e-31df351e8f83,0.17,false,false,near_mint,en,USD,2026-09-08T10:50:29.829Z
"Grishnákh, Brash Instigator",LTR,The Lord of the Rings: Tales of Middle-earth,134,normal,uncommon,3,83136,6385e769-f805-499d-9f47-494533362152,0.2,false,false,near_mint,en,USD,2026-09-08T10:50:29.830Z
Reptilian Recruiter,BLB,Bloomburrow,149,normal,uncommon,1,96072,81dec453-c9d7-42cb-980a-c82f82bede76,0.24,false,false,near_mint,en,USD,2026-09-08T10:50:29.831Z
Loyal Apprentice,TDC,Tarkir: Dragonstorm Commander,222,normal,uncommon,2,104983,d4d469ea-824b-4eff-82e8-2a0b9b4c0e2d,0.36,false,false,near_mint,en,USD,2026-09-08T10:50:29.832Z
Furnace Strider,ONE,Phyrexia: All Will Be One,133,normal,common,2,78764,aa625ab0-1e79-4497-a5da-98fe1abfd024,0.12,false,false,near_mint,en,USD,2026-09-08T10:50:29.833Z
Battlesong Berserker,FDN,Foundations,78,normal,uncommon,1,100917,a1f8b199-5d62-485f-b1c3-b30aa550595b,0.17,false,false,near_mint,en,USD,2026-09-08T10:50:29.834Z
Flamecache Gecko,BLB,Bloomburrow,135,normal,uncommon,2,96142,fb8e7c97-8393-41b8-bb0b-3983dcc5e7f4,0.2,false,false,near_mint,en,USD,2026-09-08T10:50:29.749Z
Hexgold Halberd,ONE,Phyrexia: All Will Be One,136,normal,uncommon,4,78945,f22108ec-28f0-44d3-ba6b-3075f5f6bc65,0.26,false,false,near_mint,en,USD,2026-09-08T10:50:29.750Z
Involuntary Employment,FDN,Foundations,203,normal,common,3,101622,f3ad3d62-2f24-4562-b3fa-809213dbc4a4,0.2,false,false,near_mint,en,USD,2026-09-08T10:50:29.753Z
Bladegraft Aspirant,ONE,Phyrexia: All Will Be One,122,normal,common,4,78472,2d6cf933-73fe-4e79-8d0b-29dc0f18b25d,0.3,false,false,near_mint,en,USD,2026-09-08T10:50:29.760Z
Roughshod Duo,BLB,Bloomburrow,150,normal,common,3,96343,78cdcfb9-a247-4c2d-a098-5b57570f8cd5,0.2,false,false,near_mint,en,USD,2026-09-08T10:50:29.802Z
Barbed Batterfist,ONE,Phyrexia: All Will Be One,121,normal,common,3,78898,de1d02d1-91dc-47d6-bdbe-87602428abfb,0.22,false,false,near_mint,en,USD,2026-09-08T10:50:29.806Z
Vulshok Splitter,ONE,Phyrexia: All Will Be One,156,normal,common,4,78939,f05078dd-b928-4b3f-9636-f299ebac180b,0.18,false,false,near_mint,en,USD,2026-09-08T10:50:29.807Z
Amethyst Dragon // Explosive Crystal,CLB,Commander Legends: Battle for Baldur's Gate,160,normal,uncommon,1,69038,57adbd6e-88ec-4472-a9c9-90b679fa881f,0.24,false,false,near_mint,en,USD,2026-09-08T10:54:14.005Z
Circle of Flame,M15,Magic 2015,135,normal,uncommon,1,13717,96cbfd4a-ac95-4191-84f9-199a9e1807c4,0.16,false,false,near_mint,en,USD,2026-09-08T10:54:14.007Z
Redcap Heelslasher,MOM,March of the Machine,161,normal,common,1,81333,3c7ca435-aa84-4d35-80db-d1c74b878b12,0.09,false,false,near_mint,en,USD,2026-09-08T10:54:14.008Z
Fleeting Effigy,TDM,Tarkir: Dragonstorm,108,normal,uncommon,1,105121,1971fd6c-0a1c-41b2-93a6-886a176fbb73,0.26,false,false,near_mint,en,USD,2026-09-08T10:54:14.010Z
Young Red Dragon // Bathe in Gold,CLB,Commander Legends: Battle for Baldur's Gate,210,normal,common,1,69305,d0b9865a-be87-48fd-a325-be6aca8a31e9,0.28,false,false,near_mint,en,USD,2026-09-08T10:54:14.011Z
Urabrask's Anointer,ONE,Phyrexia: All Will Be One,152,normal,uncommon,3,78792,b3ef034f-37e5-4baa-a7a9-5fd0de792535,0.07,false,false,near_mint,en,USD,2026-09-08T10:54:14.013Z
Shrapnel Slinger,ONE,Phyrexia: All Will Be One,148,normal,common,2,78751,a6147bdc-4e02-48be-9ab9-c212f70d9194,0.12,false,false,near_mint,en,USD,2026-09-08T10:54:14.015Z
Lithomantic Barrage,MOM,March of the Machine,152,normal,uncommon,1,81219,c45a5f4a-2174-4885-aa5a-c4c24cc732f0,0.21,false,false,near_mint,en,USD,2026-09-08T10:54:14.018Z
Foray of Orcs,LTR,The Lord of the Rings: Tales of Middle-earth,128,normal,uncommon,1,83116,5fea0c66-c776-4dc7-a235-f3822521cacd,0.21,false,false,near_mint,en,USD,2026-09-08T10:54:14.019Z
"Fear, Fire, Foes!",LTR,The Lord of the Rings: Tales of Middle-earth,125,normal,uncommon,1,82995,37be98a4-0cba-46b4-be93-a9805fe77160,0.2,false,false,near_mint,en,USD,2026-09-08T10:54:14.020Z
Swarming of Moria,LTR,The Lord of the Rings: Tales of Middle-earth,150,normal,common,1,82842,0a1bd073-4351-4c56-9b07-4430d0d83084,0.21,false,false,near_mint,en,USD,2026-09-08T10:54:14.021Z
Warbeast of Gorgoroth,LTR,The Lord of the Rings: Tales of Middle-earth,152,normal,common,1,83112,5eeecb9e-fbde-429b-b3da-18a4dbadf6de,0.2,false,false,near_mint,en,USD,2026-09-08T10:54:14.023Z
Furnace Gremlin,MOM,March of the Machine,139,normal,uncommon,1,81064,445b3315-6587-4d57-ab7e-faab1eec0241,0.13,false,false,near_mint,en,USD,2026-09-08T10:54:14.025Z
Olog-hai Crusher,LTR,The Lord of the Rings: Tales of Middle-earth,140,normal,common,1,83476,c33bf593-62e0-491a-a31a-328bce6d8735,0.12,false,false,near_mint,en,USD,2026-09-08T10:54:14.026Z
Resistance Skywarden,ONE,Phyrexia: All Will Be One,146,normal,uncommon,3,78583,6249aabe-8f21-4257-9e04-ceffd44d42a5,0.05,false,false,near_mint,en,USD,2026-09-08T10:54:14.027Z
Spitebellows,CM2,Commander Anthology Volume II,117,normal,uncommon,1,1620,497f8aae-fd62-4cc6-9ccc-22d5ee4f6b81,0.34,false,false,near_mint,en,USD,2026-09-08T10:54:14.028Z
Hoarding Ogre,CLB,Commander Legends: Battle for Baldur's Gate,181,normal,common,1,69102,746fec80-5ddb-42b8-bc54-728bcd3863b3,0.21,false,false,near_mint,en,USD,2026-09-08T10:54:14.029Z
Thundering Raiju,NEO,Kamigawa: Neon Dynasty,166,normal,rare,1,66834,ec1a2920-6d39-4276-921c-65cc16a45f17,0.54,false,false,near_mint,en,USD,2026-09-08T10:54:14.041Z
Anzrag's Rampage,MKM,Murders at Karlov Manor,111,normal,rare,1,91074,9dc52b53-3e4f-4d7d-851f-86c6e0ac67b2,0.28,false,false,near_mint,en,USD,2026-09-08T10:54:14.042Z
Sunbird's Invocation,C21,Commander 2021,180,normal,rare,2,58597,75c1eb6a-2183-4f60-b075-f7289df35be7,0.38,false,false,near_mint,en,USD,2026-09-08T10:54:14.044Z
Capricious Hellraiser,ONE,Phyrexia: All Will Be One,125,normal,mythic,1,78450,23afca1a-62a8-497f-994f-ceb479d020ba,0.32,false,false,near_mint,en,USD,2026-09-08T10:54:14.045Z
Nahiri's Warcrafting,MOM,March of the Machine,155,normal,rare,1,81175,a0453fea-3c88-4eb1-818a-9efa01986852,0.24,false,false,near_mint,en,USD,2026-09-08T10:54:14.046Z
"Squee, the Immortal",MUL,Multiverse Legends,22,normal,rare,1,82021,e5483306-885c-44e1-84ce-b6e2124a6ecc,1.8,false,false,near_mint,en,USD,2026-09-08T10:54:14.047Z
Tectonic Giant,DSC,Duskmourn: House of Horror Commander,168,normal,rare,2,99123,4134a2aa-623c-49fc-bd87-26b861860ad5,0.36,false,false,near_mint,en,USD,2026-09-08T10:54:14.048Z
Flamewake Phoenix,FDN,Foundations,198,normal,rare,1,100955,a94f008e-48a0-406b-83fa-99cd396831f8,0.25,false,false,near_mint,en,USD,2026-09-08T10:54:14.049Z
Manifold Mouse,BLB,Bloomburrow,143,normal,rare,1,95881,db3832b5-e83f-4569-bd49-fb7b86fa2d47,0.29,false,false,near_mint,en,USD,2026-09-08T10:54:14.050Z
Vindictive Flamestoker,ONE,Phyrexia: All Will Be One,154,normal,rare,1,78952,f67e7a16-ff30-4fb9-9fcb-6561eec50caf,0.27,false,false,near_mint,en,USD,2026-09-08T10:54:14.051Z
Emberheart Challenger,BLB,Bloomburrow,133,normal,rare,1,95888,0035082e-bb86-4f95-be48-ffc87fe5286d,1.63,false,false,near_mint,en,USD,2026-09-08T10:54:14.052Z
"Kellan, Planar Trailblazer",FDN,Foundations,91,normal,rare,1,101353,f46a9329-7b91-441d-8653-50c1152c9120,0.29,false,false,near_mint,en,USD,2026-09-08T10:54:14.053Z
Valley Flamecaller,BLB,Bloomburrow,158,normal,rare,1,96091,a0812db4-b7d1-4cf7-aaa5-9c0e784079a1,0.31,false,false,near_mint,en,USD,2026-09-08T10:54:14.054Z
"Chiss-Goria, Forge Tyrant",ONC,Phyrexia: All Will Be One Commander,25,normal,mythic,1,78700,923eb713-c955-4e12-8a8f-df3b4b361487,3.52,false,false,near_mint,en,USD,2026-09-08T10:54:14.055Z
Calamity Bearer,KHM,Kaldheim,125,normal,rare,1,57010,a15edad1-ff68-4f20-95f6-99fe549bea98,0.33,false,false,near_mint,en,USD,2026-09-08T10:54:14.056Z
Impending Flux,WHO,Doctor Who,87,normal,rare,1,87649,98cc159d-74f7-41fe-a866-c18d96219794,0.16,false,false,near_mint,en,USD,2026-09-08T10:54:14.057Z
Trigger Happy,UNF,Unfinity,125,normal,uncommon,2,72764,5cafb84c-6e35-488c-a219-c6bbdb3ac565,0.06,false,false,near_mint,en,USD,2026-09-08T10:54:14.058Z
Pigment Wrangler // Striking Palette,SOS,Secrets of Strixhaven,126,normal,uncommon,3,112683,c2faf4cf-c4b6-4721-ac06-0e045dd9704a,0.14,false,false,near_mint,en,USD,2026-09-08T10:54:14.060Z
Urabrask's Anointer,ONE,Phyrexia: All Will Be One,293,normal,uncommon,5,78872,d419a3d0-c1ee-4c7a-a88c-a6a8b1f7ab6e,0.08,false,false,near_mint,en,USD,2026-09-08T10:54:14.012Z
Expressive Firedancer,SOS,Secrets of Strixhaven,114,normal,common,4,112286,259b8c45-6241-4206-a34e-34c7f401f47b,0.05,false,false,near_mint,en,USD,2026-09-08T10:54:14.059Z
Tablet of Discovery,SOS,Secrets of Strixhaven,132,normal,uncommon,2,112565,13059664-a940-4a66-8100-0c90b884bab4,1.91,false,false,near_mint,en,USD,2026-09-08T11:16:55.462Z
Crackling Spellslinger,OTC,Outlaws of Thunder Junction Commander,25,normal,rare,1,93794,aa735e13-f784-4174-91fc-3751aaa559d1,1.39,false,false,near_mint,en,USD,2026-09-08T11:16:55.466Z
Rampaging Raptor,MOM,March of the Machine,160,normal,rare,1,81097,64b80ddb-ce55-4ebc-b587-77843abc8bad,0.31,false,false,near_mint,en,USD,2026-09-08T11:16:55.467Z
Creepy Puppeteer,VOW,Innistrad: Crimson Vow,151,normal,rare,1,64084,0bd17b9f-fd93-47d4-9cc4-cd333d0004f5,0.14,false,false,near_mint,en,USD,2026-09-08T11:16:55.469Z
Belligerent Sliver,M15,Magic 2015,129,normal,uncommon,1,13723,b78b8268-b090-4012-a3ba-5daab491f78d,0.49,false,false,near_mint,en,USD,2026-09-08T11:16:55.470Z
Spikeshot Elder,MM2,Modern Masters 2015,127,normal,rare,1,11090,14c14e44-20ff-4128-b07d-4b751fc82d4e,0.37,false,false,near_mint,en,USD,2026-09-08T11:16:55.471Z
All Will Be One,ONE,Phyrexia: All Will Be One,118,normal,mythic,2,78611,6d75e1f4-bd63-428e-8e6e-131594b3ba44,16.36,false,false,near_mint,en,USD,2026-09-08T11:16:55.472Z
Invasion of Kaldheim // Pyre of the World Tree,MOM,March of the Machine,145,normal,rare,1,81280,f7cedd62-efc8-464d-8387-220bb55e07e9,0.43,false,false,near_mint,en,USD,2026-09-08T11:16:55.473Z
Clamorous Ironclad,DFT,Aetherdrift,312,normal,common,1,103123,79d3c041-976c-41e2-9ce6-4b292e499526,0.2,false,false,near_mint,en,USD,2026-09-08T11:16:55.474Z
Dragonwing Glider,ONE,Phyrexia: All Will Be One,128,normal,rare,1,78547,5456b036-231e-4a64-b060-0709f5254664,0.31,false,false,near_mint,en,USD,2026-09-08T11:16:55.475Z
Wild Magic Surge,CLB,Commander Legends: Battle for Baldur's Gate,206,normal,uncommon,1,69281,c4c89d88-9d40-46b6-bee0-6bc2e2ca8ba1,2.07,false,false,near_mint,en,USD,2026-09-08T11:16:55.476Z
Cast into the Fire,LTR,The Lord of the Rings: Tales of Middle-earth,118,normal,common,1,82962,2ef878cb-27b6-47d8-ad11-bd20529b0e7e,0.77,false,false,near_mint,en,USD,2026-09-08T11:16:55.477Z
"Sarkhan, Dragon Ascendant",TDM,Tarkir: Dragonstorm,118,normal,rare,1,104003,c2200646-7b7c-489d-bbae-16b03e1d7fb2,0.38,false,false,near_mint,en,USD,2026-09-08T11:16:55.478Z
Porcuparrot,IKO,Ikoria: Lair of Behemoths,293,normal,uncommon,1,49784,e6373fe1-c834-419e-8a0b-590fb5dc555e,0.26,false,false,near_mint,en,USD,2026-09-08T11:16:55.479Z
Rampaging War Mammoth,LTC,Tales of Middle-earth Commander,34,normal,rare,1,83563,dc13dbf0-c0ff-4c76-96c6-d3ee88ab2fce,0.32,false,false,near_mint,en,USD,2026-09-08T11:16:55.485Z
Chaos Warp,BLC,Bloomburrow Commander,115,normal,rare,2,96347,7a050532-1e75-4212-acb0-ec740378af10,0.55,false,false,near_mint,en,USD,2026-09-08T11:16:55.486Z
Thunder Dragon,CLB,Commander Legends: Battle for Baldur's Gate,810,normal,rare,1,69609,9ff75ff4-495f-4a0c-9d98-69eff1b3fa32,0.44,false,false,near_mint,en,USD,2026-09-08T11:16:55.487Z
Fling,OTP,Breaking News,24,normal,uncommon,1,93079,1cddae19-eb96-475c-9800-17ac57df4c0a,0.19,false,false,near_mint,en,USD,2026-09-08T11:16:55.488Z
"Firion, Wild Rose Warrior",FIN,Final Fantasy,137,normal,rare,1,105673,98366937-d15b-4a66-b9f6-878d50b63871,0.75,false,false,near_mint,en,USD,2026-09-08T11:16:55.489Z
Prompto Argentum,FIN,Final Fantasy,387,normal,uncommon,1,106661,d8f9b257-6491-46d2-be41-846ab4c39d5e,0.22,false,false,near_mint,en,USD,2026-09-08T11:16:55.490Z
Sunspine Lynx,BLB,Bloomburrow,292,normal,rare,1,95885,f1c414b4-3374-44e4-98b4-03193e701eb1,2.94,false,false,near_mint,en,USD,2026-09-08T11:16:55.492Z
Combat Celebrant,BLC,Bloomburrow Commander,194,normal,mythic,1,96261,3e611db6-0819-487c-bc05-17c92d79c75b,2.03,false,false,near_mint,en,USD,2026-09-08T11:16:55.493Z
"Rionya, Fire Dancer",J25,Foundations Jumpstart,75,normal,rare,1,100385,3c101b5a-30f8-4496-994a-de017cb294b9,3.43,false,false,near_mint,en,USD,2026-09-08T11:16:55.494Z
Scourge of the Throne,TDC,Tarkir: Dragonstorm Commander,230,normal,rare,1,104961,cd44f295-c4c8-4f47-9d51-d5ba578f7f8d,0.43,false,false,near_mint,en,USD,2026-09-08T11:16:55.495Z
Blades of Velis Vel,MM2,Modern Masters 2015,105,normal,common,1,11112,83b17fb1-4a33-454f-9222-c6d5671c7e2f,0.21,false,false,near_mint,en,USD,2026-09-08T11:16:55.496Z
Coming In Hot,MOM,March of the Machine,136,normal,common,1,81352,4f6eb966-67af-4b18-8899-4a99a5179aa3,0.23,false,false,near_mint,en,USD,2026-09-08T11:16:55.497Z
Quarrel's End,LTR,The Lord of the Rings: Tales of Middle-earth,141,normal,common,1,83101,5a7e61a6-c602-4089-ae45-828d8e516a63,0.12,false,false,near_mint,en,USD,2026-09-08T11:16:55.498Z
Trove of Temptation,XLN,Ixalan,171,normal,uncommon,4,3841,fb2df914-bb56-449e-9ef8-8b1012a76f64,0.28,false,false,near_mint,en,USD,2026-09-08T11:17:42.354Z
Siege-Gang Commander,TDC,Tarkir: Dragonstorm Commander,232,normal,rare,1,104851,a2d3ddb9-ddfb-4ca9-ae77-cf691d385a4a,0.25,false,false,near_mint,en,USD,2026-09-08T11:17:42.356Z
Thunderdrum Soloist,SOS,Secrets of Strixhaven,134,normal,uncommon,2,112234,590d1d95-ed13-4121-899f-f5a2d8a6617a,0.25,false,false,near_mint,en,USD,2026-09-08T11:17:42.358Z
"Mica, Reader of Ruins",SOS,Secrets of Strixhaven,124,normal,uncommon,2,112369,949ad3ff-9e80-493c-a3ae-146b919bfcd7,0.21,false,false,near_mint,en,USD,2026-09-08T11:17:42.361Z
Riddle of Lightning,JOU,Journey into Nyx,107,normal,uncommon,1,14542,98f4250b-4493-4054-b0b2-465f76f0c2f0,0.07,false,false,near_mint,en,USD,2026-09-08T11:20:59.681Z
Charging Strifeknight,SOS,Secrets of Strixhaven,110,normal,uncommon,1,112652,9940d992-1ba1-40ec-9b93-17d773452c4b,0.18,false,false,near_mint,en,USD,2026-09-08T11:20:59.683Z
Strongbox Raider,FDN,Foundations,96,normal,uncommon,1,101006,b2223eb8-59f9-489b-a3f3-b6496218cb79,0.11,false,false,near_mint,en,USD,2026-09-08T11:20:59.688Z
Erebor Flamesmith,LTR,The Lord of the Rings: Tales of Middle-earth,122,normal,common,1,83086,552730c5-e3a6-468f-91b2-82c272dda400,0.38,false,false,near_mint,en,USD,2026-09-08T11:20:59.689Z
Quaketusk Boar,BLB,Bloomburrow,146,normal,uncommon,2,95869,2f2b7fd3-a139-49ea-8a89-b64261e868ef,0.12,false,false,near_mint,en,USD,2026-09-08T11:20:59.690Z
Ranger's Firebrand,LTR,The Lord of the Rings: Tales of Middle-earth,143,normal,uncommon,1,82831,06541200-fa4c-4b98-bdc4-44708fd2ddf6,0.14,false,false,near_mint,en,USD,2026-09-08T11:20:59.692Z
Weaver of Lightning,EMN,Eldritch Moon,149,normal,uncommon,1,8185,ba1e6885-dca0-4a4b-abb8-0f32680f618d,0.09,false,false,near_mint,en,USD,2026-09-08T11:20:59.693Z
Invasion of Regatha // Disciples of the Inferno,MOM,March of the Machine,148,normal,uncommon,2,81196,ada79e04-bb69-4c92-a829-014f02b1e06a,0.22,false,false,near_mint,en,USD,2026-09-08T11:20:59.694Z
Gimli's Axe,LTR,The Lord of the Rings: Tales of Middle-earth,130,normal,common,1,83550,d8999b6c-e501-48d0-ae51-a35b96f996ec,0.25,false,false,near_mint,en,USD,2026-09-08T11:20:59.698Z
Beamtown Beatstick,MOM,March of the Machine,131,normal,common,1,81026,2443cb94-b27e-4a96-93cb-ac7880149bcc,1.73,false,false,near_mint,en,USD,2026-09-08T11:20:59.699Z
Burner Rocket,DFT,Aetherdrift,114,normal,common,1,103665,ecee6509-1103-4ae5-a2e7-0441f5d4a872,0.18,false,false,near_mint,en,USD,2026-09-08T11:20:59.700Z
Abandon Reason,EMN,Eldritch Moon,115,normal,uncommon,1,8220,18c0b3b3-bb62-42c5-9869-386af0540a9b,0.14,false,false,near_mint,en,USD,2026-09-08T11:20:59.704Z
Smash to Dust,DMU,Dominaria United,144,normal,common,2,71541,747881c7-3788-4dd6-b78d-b2a5ded20e14,0.24,false,false,near_mint,en,USD,2026-09-08T11:20:59.705Z
Break Through the Line,FRF,Fate Reforged,94,normal,uncommon,1,12032,81c1cdbe-5ddb-4cc6-975b-42f3f1ee4749,0.35,false,false,near_mint,en,USD,2026-09-08T11:20:59.707Z
Reverberating Summons,TDM,Tarkir: Dragonstorm,117,normal,uncommon,2,104475,1af19ce8-bc0c-420c-9e3b-9059b4df32cb,0.1,false,false,near_mint,en,USD,2026-09-08T11:20:59.708Z
Furnace Reins,MOM,March of the Machine,141,normal,uncommon,1,81257,e91bfea6-0e80-4239-bede-7cb971e64c1a,0.3,false,false,near_mint,en,USD,2026-09-08T11:20:59.709Z
Searing Barb,MOM,March of the Machine,163,normal,common,1,81379,69f156b6-68c2-4787-b3f0-6d1079bb576f,0.15,false,false,near_mint,en,USD,2026-09-08T11:20:59.710Z
Smite the Deathless,LTR,The Lord of the Rings: Tales of Middle-earth,148,normal,common,1,83271,8b716fcc-c4cc-4987-be82-2897a9888d23,0.25,false,false,near_mint,en,USD,2026-09-08T11:20:59.711Z
Goblin Glasswright // Craft with Pride,SOS,Secrets of Strixhaven,117,normal,common,7,112687,c85c5f06-dd31-4e2c-97be-2f64d65069ea,0.15,false,false,near_mint,en,USD,2026-09-08T11:20:59.682Z
Flames of the Raze-Boar,RNA,Ravnica Allegiance,101,normal,uncommon,1,43763,16957271-12bb-4031-b476-f7678b753ae3,0.07,false,false,near_mint,en,USD,2026-09-08T11:22:32.386Z
Erratic Explosion,PCA,Planechase Anthology,41,normal,common,1,6686,14c5e0aa-d491-4caf-86c7-555ee1bb637b,0.14,false,false,near_mint,en,USD,2026-09-08T11:22:32.387Z
Sarkhan's Rage,DTK,Dragons of Tarkir,153,normal,common,1,11661,4787924f-3186-4e18-b53c-dd67c5f42220,0.06,false,false,near_mint,en,USD,2026-09-08T11:22:32.388Z
Arc Trail,PCA,Planechase Anthology,39,normal,uncommon,1,6690,56306d90-7f58-4559-954c-f8ca43d04be8,0.25,false,false,near_mint,en,USD,2026-09-08T11:22:32.389Z
Crash and Burn,DFT,Aetherdrift,119,normal,common,1,103467,339a41a1-b36f-4b81-b74c-220d279c0e26,0.09,false,false,near_mint,en,USD,2026-09-08T11:22:32.391Z
Hoarder's Overflow,BLB,Bloomburrow,141,normal,uncommon,2,96112,c2ed5079-07b4-4575-a2c8-5f0cbff888c3,0.55,false,false,near_mint,en,USD,2026-09-08T11:22:32.393Z
Rooting Moloch,IKO,Ikoria: Lair of Behemoths,133,normal,uncommon,1,49944,cc2fd581-5cf8-4154-90dd-922afddcd556,0.2,false,false,near_mint,en,USD,2026-09-08T11:22:32.396Z
Heightened Reflexes,IKO,Ikoria: Lair of Behemoths,123,normal,common,1,49954,4f7cc8e7-3002-4ee0-869f-931438d8362d,0.21,false,false,near_mint,en,USD,2026-09-08T11:22:32.398Z
Tentative Connection,IKO,Ikoria: Lair of Behemoths,138,normal,common,2,49939,5c40fd33-bb95-48f3-a10f-a33eb27c48f1,0.19,false,false,near_mint,en,USD,2026-09-08T11:22:32.399Z
Frillscare Mentor,IKO,Ikoria: Lair of Behemoths,121,normal,uncommon,1,49956,24c7d034-6403-41e2-9e44-4d58ef54cf10,0.19,false,false,near_mint,en,USD,2026-09-08T11:22:32.400Z
Ferocious Tigorilla,IKO,Ikoria: Lair of Behemoths,115,normal,common,2,49962,5976e8d8-5122-4423-b3eb-61170390ad7a,0.24,false,false,near_mint,en,USD,2026-09-08T11:22:32.402Z
Frenzied Raptor,IKO,Ikoria: Lair of Behemoths,120,normal,common,2,49957,5fb22ac0-3863-4165-8c93-f2ec1775474f,0.2,false,false,near_mint,en,USD,2026-09-08T11:22:32.403Z
Reptilian Reflection,IKO,Ikoria: Lair of Behemoths,132,normal,uncommon,1,49945,7871b4dd-9085-4a3f-a1ae-9a292f73689b,0.12,false,false,near_mint,en,USD,2026-09-08T11:22:32.404Z
Momentum Rumbler,IKO,Ikoria: Lair of Behemoths,126,normal,uncommon,1,49951,3587f450-c1ba-4074-84bb-47978a2b6116,0.2,false,false,near_mint,en,USD,2026-09-08T11:22:32.405Z
Prickly Marmoset,IKO,Ikoria: Lair of Behemoths,129,normal,common,1,49948,bad8512f-31b9-48ba-bb10-1497303dcfba,0.15,false,false,near_mint,en,USD,2026-09-08T11:22:32.406Z
Rumbling Rockslide,IKO,Ikoria: Lair of Behemoths,134,normal,common,1,49943,96f9aaa7-11c7-4cd0-9803-9471c14ab846,0.07,false,false,near_mint,en,USD,2026-09-08T11:23:36.699Z
Cathartic Reunion,ECC,Lorwyn Eclipsed Commander,91,normal,common,1,110641,e3bca51a-b9be-4be2-a256-b15853fde433,0.22,false,false,near_mint,en,USD,2026-09-08T11:23:36.701Z
Fire Prophecy,IKO,Ikoria: Lair of Behemoths,116,normal,common,2,49961,4c2029e5-cf7d-461f-b7b9-bf96399d8f49,0.31,false,false,near_mint,en,USD,2026-09-08T11:23:36.705Z
Hexgold Slash,ONE,Phyrexia: All Will Be One,137,normal,common,2,78398,0ec44465-68d4-4dca-a313-7f2ab0ce2e63,0.08,false,false,near_mint,en,USD,2026-09-08T11:25:03.959Z
Molten Rebuke,ONE,Phyrexia: All Will Be One,141,normal,common,4,78867,d2e3291b-de5c-4a10-9915-2cd2d84a815c,0.14,false,false,near_mint,en,USD,2026-09-08T11:25:03.960Z
Exuberant Fuseling,ONE,Phyrexia: All Will Be One,129,normal,uncommon,2,78753,a6e8d7b9-ff5e-48ae-9e38-d2b6a45b119b,0.28,false,false,near_mint,en,USD,2026-09-08T11:25:03.966Z
Sawblade Scamp,ONE,Phyrexia: All Will Be One,147,normal,common,1,78657,7f04c2e5-9100-439a-9aa4-28d388518e4a,0.21,false,false,near_mint,en,USD,2026-09-08T11:25:03.967Z
Free from Flesh,ONE,Phyrexia: All Will Be One,131,normal,common,3,78470,2c83600d-ea4d-4219-8dbb-34c4215a2005,0.14,false,false,near_mint,en,USD,2026-09-08T11:25:03.951Z
Furnace Skullbomb,ONE,Phyrexia: All Will Be One,228,normal,common,3,78853,cb530f9d-cf35-48a7-8711-f74b3d9a35a7,0.18,false,false,near_mint,en,USD,2026-09-08T11:25:03.957Z
Churning Reservoir,ONE,Phyrexia: All Will Be One,127,normal,uncommon,4,78392,0c117239-8e40-4e7e-ab1b-82f2ddf55cf4,0.21,false,false,near_mint,en,USD,2026-09-08T11:25:03.958Z
Haradrim Spearmaster,LTR,The Lord of the Rings: Tales of Middle-earth,135,normal,common,1,83118,6050cf98-cdce-4825-9ab8-2294a2b63faf,0.09,false,false,near_mint,en,USD,2026-09-08T11:31:36.374Z
Infernal Phantom,DSK,Duskmourn: House of Horror,141,normal,uncommon,1,98678,f0c5999f-a185-4fc7-86fa-c4e5b091e768,0.15,false,false,near_mint,en,USD,2026-09-08T11:31:36.376Z
Resilient Roadrunner,OTJ,Outlaws of Thunder Junction,141,normal,uncommon,1,93383,e07d3ee9-d3c4-4f07-839e-ec81c2587ae0,0.14,false,false,near_mint,en,USD,2026-09-08T11:31:36.394Z
Magebane Lizard,OTJ,Outlaws of Thunder Junction,134,normal,uncommon,2,93189,62e12566-375f-4f31-aa91-1b13a96d9ece,1.04,false,false,near_mint,en,USD,2026-09-08T11:31:36.397Z
Quilled Charger,OTJ,Outlaws of Thunder Junction,139,normal,common,2,93169,56e326c4-39f1-41ee-9e47-ebe468c51718,0.07,false,false,near_mint,en,USD,2026-09-08T11:31:36.399Z
Hand That Feeds,DSK,Duskmourn: House of Horror,139,normal,common,4,98798,297c2860-5a68-4a18-a23a-ca5cfdfbcac8,0.09,false,false,near_mint,en,USD,2026-09-08T11:31:36.409Z
Fear of Being Hunted,DSK,Duskmourn: House of Horror,134,normal,uncommon,1,98881,a0a5e716-68c1-4fa0-aa08-5b08114e08d8,0.2,false,false,near_mint,en,USD,2026-09-08T11:31:36.413Z
Turn Inside Out,DSK,Duskmourn: House of Horror,160,normal,common,3,98707,57e2a92c-06d3-4cb5-883d-cba428a7e98e,0.27,false,false,near_mint,en,USD,2026-09-08T11:31:36.416Z
Chainsaw,DSK,Duskmourn: House of Horror,128,normal,rare,2,95601,54e0c2cd-fa5f-427d-8e15-6066f002a8e3,2.24,false,false,near_mint,en,USD,2026-09-08T11:31:36.419Z
Cursed Recording,DSK,Duskmourn: House of Horror,131,normal,rare,1,95614,d13a247c-c941-488a-b13b-bffb1f1f368a,0.31,false,false,near_mint,en,USD,2026-09-08T11:31:36.423Z
Duel Tactics,SOS,Secrets of Strixhaven,112,normal,uncommon,1,111722,8f3a1675-0cc7-4dfd-a12e-4740a2cf81e8,0.17,false,false,near_mint,en,USD,2026-09-08T11:31:36.431Z
Scrapwork Mutt,BRO,The Brothers' War,164,normal,common,2,75428,4742800a-4872-4c2d-b884-01e0ba16950c,0.32,false,false,near_mint,en,USD,2026-09-08T11:31:36.443Z
Implement of Combustion,AER,Aether Revolt,155,normal,common,2,6259,15b1c8da-604a-42f0-8658-82580700dd31,0.26,false,false,near_mint,en,USD,2026-09-08T11:31:36.444Z
Thunderwave,CLB,Commander Legends: Battle for Baldur's Gate,201,normal,uncommon,1,69357,e9531098-63ea-4568-81e9-80e00a5f8995,0.31,false,false,near_mint,en,USD,2026-09-08T11:31:36.446Z
Rampaging Soulrager,DSK,Duskmourn: House of Horror,151,normal,common,3,98973,569c914b-95af-428f-a142-6f20e418bc59,0.08,false,false,near_mint,en,USD,2026-09-08T11:31:36.462Z
Boilerbilges Ripper,DSK,Duskmourn: House of Horror,127,normal,common,3,99066,1a68009c-83cd-455f-81e9-bdd720d23a43,0.09,false,false,near_mint,en,USD,2026-09-08T11:31:36.377Z
Iron-Fist Pulverizer,OTJ,Outlaws of Thunder Junction,131,normal,common,4,93352,cd7f984a-0b56-45df-958d-6178e4da61ed,0.12,false,false,near_mint,en,USD,2026-09-08T11:31:36.378Z
Scalestorm Summoner,OTJ,Outlaws of Thunder Junction,144,normal,uncommon,2,93364,d603c00f-048a-4a05-9df9-52844819d523,0.15,false,false,near_mint,en,USD,2026-09-08T11:31:36.379Z
Scorching Dragonfire,DSK,Duskmourn: House of Horror,156,normal,common,5,99284,a55f4f37-796a-4b18-a5ee-1d4f711f19b8,0.1,false,false,near_mint,en,USD,2026-09-08T11:31:36.380Z
Reckless Lackey,OTJ,Outlaws of Thunder Junction,140,normal,common,3,93262,912fcd14-5e81-418c-997b-771f2f38f63d,0.28,false,false,near_mint,en,USD,2026-09-08T11:31:36.381Z
Ripchain Razorkin,DSK,Duskmourn: House of Horror,154,normal,common,3,99402,effad662-3309-434c-addc-4394db1f359c,0.1,false,false,near_mint,en,USD,2026-09-08T11:31:36.382Z
Clockwork Percussionist,DSK,Duskmourn: House of Horror,130,normal,common,4,98695,10986e5a-9fc6-41e2-8352-289328245171,0.24,false,false,near_mint,en,USD,2026-09-08T11:31:36.383Z
Impossible Inferno,DSK,Duskmourn: House of Horror,140,normal,common,3,98885,a35248f9-9a4e-4758-a4c1-0e0c83e3fd75,0.1,false,false,near_mint,en,USD,2026-09-08T11:31:36.384Z
Bedhead Beastie,DSK,Duskmourn: House of Horror,125,normal,common,5,99216,77c72b5b-dd81-4eb4-80d9-a0124e27e1dc,0.1,false,false,near_mint,en,USD,2026-09-08T11:31:36.387Z
Quick Draw,OTJ,Outlaws of Thunder Junction,138,normal,common,2,93168,56399cd0-1214-42b6-be38-f2cbd770915f,0.16,false,false,near_mint,en,USD,2026-09-08T11:31:36.388Z
Discerning Peddler,OTJ,Outlaws of Thunder Junction,121,normal,common,3,93219,73b359bf-afd8-439d-a4d2-985db1ad368c,0.09,false,false,near_mint,en,USD,2026-09-08T11:31:36.389Z
Trick Shot,OTJ,Outlaws of Thunder Junction,151,normal,common,3,93351,cd3c2d02-67ca-4858-9b7a-3cfe8a08356c,0.12,false,false,near_mint,en,USD,2026-09-08T11:31:36.396Z
Irascible Wolverine,OTJ,Outlaws of Thunder Junction,130,normal,common,3,93112,324c0af5-7cdf-4c71-84cc-6349f10e0d66,0.1,false,false,near_mint,en,USD,2026-09-08T11:31:36.398Z
Most Valuable Slayer,DSK,Duskmourn: House of Horror,144,normal,common,3,98910,c2b7b635-4c72-4129-bf95-1eef05cce3d3,0.1,false,false,near_mint,en,USD,2026-09-08T11:31:36.404Z
Longhorn Sharpshooter,OTJ,Outlaws of Thunder Junction,132,normal,uncommon,2,93123,398d9a16-d72c-42e2-a0ea-d9da642ee046,0.05,false,false,near_mint,en,USD,2026-09-08T11:31:36.405Z
Trial of Agony,DSK,Duskmourn: House of Horror,159,normal,uncommon,2,98947,fa62f67a-d20f-4d99-b0a2-327634299c9f,0.19,false,false,near_mint,en,USD,2026-09-08T11:31:36.412Z
Mine Raider,OTJ,Outlaws of Thunder Junction,135,normal,common,3,93072,19cfacff-e884-4954-aa6b-ed56ca942bf2,0.16,false,false,near_mint,en,USD,2026-09-08T11:31:36.418Z
Violent Urge,DSK,Duskmourn: House of Horror,164,normal,uncommon,2,99281,a47c968b-1edd-45ac-a67c-311647e7e2fc,0.35,false,false,near_mint,en,USD,2026-09-08T11:31:36.424Z
Sabotender,FIN,Final Fantasy,153,normal,common,3,106513,12df1295-8b08-4c8e-bac9-55b4f514c0be,0.32,false,false,near_mint,en,USD,2026-09-08T11:34:10.413Z
Mysidian Elder,FIN,Final Fantasy,145,normal,common,3,106566,6bc39af4-be19-4889-b930-df7ebf7b9481,0.2,false,false,near_mint,en,USD,2026-09-08T11:34:10.414Z
Call the Mountain Chocobo,FIN,Final Fantasy,131,normal,common,3,106633,b2e1986c-2852-4843-bdc4-eddb727ba3d4,0.13,false,false,near_mint,en,USD,2026-09-08T11:34:10.415Z
Choco-Comet,FIN,Final Fantasy,132,normal,uncommon,1,106592,8d8d3903-a7f4-4cd8-8d29-b4a173e4fbb2,0.19,false,false,near_mint,en,USD,2026-09-08T11:34:10.416Z
Warrior's Sword,FIN,Final Fantasy,169,normal,common,2,106296,cb98a7dd-542e-4448-b3bb-ff5d67a36535,0.17,false,false,near_mint,en,USD,2026-09-08T11:34:10.417Z
Barret Wallace,FIN,Final Fantasy,129,normal,uncommon,2,105840,1a504dff-5857-4a61-ab99-616d5df7cf5a,0.15,false,false,near_mint,en,USD,2026-09-08T11:34:10.418Z
Red Mage's Rapier,FIN,Final Fantasy,152,normal,common,3,106669,e0579955-75f9-47a9-8b03-e287d120826a,0.19,false,false,near_mint,en,USD,2026-09-08T11:34:10.419Z
Samurai's Katana,FIN,Final Fantasy,154,normal,uncommon,2,106267,11f1d378-c78c-402a-ac46-2d32598c23e7,0.21,false,false,near_mint,en,USD,2026-09-08T13:14:27.225Z
Item Shopkeep,FIN,Final Fantasy,142,normal,common,2,106293,bd2db3f5-fd0d-4817-af90-6bea1f07e16b,0.09,false,false,near_mint,en,USD,2026-09-08T13:14:27.229Z
Opera Love Song,FIN,Final Fantasy,147,normal,uncommon,1,106496,0343916d-1b65-4e95-aef1-e72dbcebf0c4,0.28,false,false,near_mint,en,USD,2026-09-08T13:14:27.231Z
Haste Magic,FIN,Final Fantasy,140,normal,common,3,106402,3af9d100-70ee-4c6c-a762-11a0c4f3ef6f,0.27,false,false,near_mint,en,USD,2026-09-08T13:14:27.232Z
"Sidequest: Play Blitzball // World Champion, Celestial Weapon",FIN,Final Fantasy,158,normal,uncommon,1,106401,31e2ad37-73cf-4858-8a3a-fc1165cd21a7,0.24,false,false,near_mint,en,USD,2026-09-08T13:14:27.234Z
Spiked Corridor // Torture Pit,DSC,Duskmourn: House of Horror Commander,28,normal,rare,1,99314,b90164a1-8b0a-4445-a0ad-43e4c3324925,6.32,false,false,near_mint,en,USD,2026-09-08T13:14:27.235Z
Gila Courser,OTJ,Outlaws of Thunder Junction,124,normal,uncommon,1,93425,f568803d-65c0-48d7-916f-671267a9e00e,0.17,false,false,near_mint,en,USD,2026-09-08T13:14:27.236Z
Freya Crescent,FIN,Final Fantasy,138,normal,uncommon,2,106289,9921f646-e893-44db-ac89-0633c1009788,0.24,false,false,near_mint,en,USD,2026-09-08T13:14:27.241Z
"Norin, Swift Survivalist",DSK,Duskmourn: House of Horror,145,normal,uncommon,1,98624,49f0fdf4-3881-4327-924f-2c1b67ccda93,0.23,false,false,near_mint,en,USD,2026-09-08T13:14:27.243Z
Ticket Booth // Tunnel of Hate,DSK,Duskmourn: House of Horror,158,normal,common,2,99039,058ffe36-ed2d-4b67-83cd-162db8383a32,0.18,false,false,near_mint,en,USD,2026-09-08T13:14:27.244Z
Coral Sword,FIN,Final Fantasy,134,normal,uncommon,1,106400,13e81e32-7246-46b9-872e-cde77cedd197,0.2,false,false,near_mint,en,USD,2026-09-08T13:14:27.249Z
Prompto Argentum,FIN,Final Fantasy,148,normal,uncommon,2,106546,4c617bcd-05f8-40c2-bb38-489bc863ce6b,0.18,false,false,near_mint,en,USD,2026-09-08T13:14:27.250Z
Sandworm,FIN,Final Fantasy,155,normal,uncommon,1,106621,a6e021da-2397-4ad3-a07b-65c701df531a,0.17,false,false,near_mint,en,USD,2026-09-08T13:14:27.251Z
Molten Gatekeeper,MH3,Modern Horizons 3,128,normal,common,1,94877,9f5ba065-2806-4e99-a330-168cfe76250f,0.38,false,false,near_mint,en,USD,2026-09-08T13:14:27.260Z
Piggy Bank,DSK,Duskmourn: House of Horror,148,normal,uncommon,1,98827,55d35442-5ca0-4fd7-8ff1-b7347b3e6690,0.23,false,false,near_mint,en,USD,2026-09-08T13:14:27.261Z
Blazing Bomb,FIN,Final Fantasy,130,normal,common,4,106573,70f47277-ca47-428a-808f-0fb32e820a71,0.14,false,false,near_mint,en,USD,2026-09-08T13:14:27.224Z
Sorceress's Schemes,FIN,Final Fantasy,159,normal,uncommon,2,106582,7efd7627-0754-4685-9d04-8f5f82f45632,0.24,false,false,near_mint,en,USD,2026-09-08T13:14:27.228Z
Laughing Mad,FIN,Final Fantasy,143,normal,common,3,106168,cd5b9daf-6325-4eb4-a069-4a8cc7807884,0.24,false,false,near_mint,en,USD,2026-09-08T13:14:27.230Z
Light of Judgment,FIN,Final Fantasy,144,normal,common,2,106600,98bb716d-ca66-445f-9cb3-0fc656c8ebff,0.12,false,false,near_mint,en,USD,2026-09-08T13:14:27.240Z
Self-Destruct,FIN,Final Fantasy,157,normal,uncommon,1,106285,7661003c-bf83-46bb-bcc0-8fbf5819ffa8,0.29,false,false,near_mint,en,USD,2026-09-08T13:18:08.153Z
"Raubahn, Bull of Ala Mhigo",FIN,Final Fantasy,151,normal,rare,1,106571,7035d11b-525f-4120-8dcb-610095196681,0.44,false,false,near_mint,en,USD,2026-09-08T13:18:08.158Z
Unexpected Request,FIN,Final Fantasy,167,normal,uncommon,1,106495,0265fd20-a85d-49ce-b338-4c40843a5b18,0.23,false,false,near_mint,en,USD,2026-09-08T13:18:08.160Z
Goblin Grenade,DDT,Duel Decks: Merfolk vs. Goblins,45,normal,uncommon,1,3666,b0e0ef27-3db2-4976-b9db-13e3d7cd795d,0.49,false,false,near_mint,en,USD,2026-09-08T13:18:08.163Z
Goblin Researcher,J25,Foundations Jumpstart,559,normal,common,1,100965,aa975f07-7f9b-43ac-b005-79e194397b4a,0.15,false,false,near_mint,en,USD,2026-09-08T13:18:08.164Z
Volley Veteran,M19,Core Set 2019,168,normal,uncommon,1,1144,164960fc-6e80-4a53-90d7-5a18c0a28083,0.26,false,false,near_mint,en,USD,2026-09-08T13:18:08.165Z
Subterranean Scout,DMR,Dominaria Remastered,143,normal,common,1,78098,b9e6c26c-84f8-46dd-bb32-b3fc57e172c0,0.18,false,false,near_mint,en,USD,2026-09-08T13:18:08.166Z
Battle Squadron,DDT,Duel Decks: Merfolk vs. Goblins,33,normal,uncommon,1,3678,01c3c73d-03e8-4afc-bbfd-08fc87808012,0.39,false,false,near_mint,en,USD,2026-09-08T13:18:08.167Z
Flame Lash,BLB,Bloomburrow,391,normal,common,1,96115,c6440439-7178-4a97-9e18-7fdef4b02678,0.15,false,false,near_mint,en,USD,2026-09-08T13:18:08.172Z
Weaselback Redcap,ELD,Throne of Eldraine,148,normal,common,1,46190,33a78207-fd76-4112-a257-54a25da6f818,0.11,false,false,near_mint,en,USD,2026-09-08T13:18:08.173Z
Burn Bright,RVR,Ravnica Remastered,103,normal,common,1,89915,d10a0f92-c42d-4257-8f64-89fe26687fba,0.07,false,false,near_mint,en,USD,2026-09-08T13:18:08.174Z
Fire of Orthanc,LTR,The Lord of the Rings: Tales of Middle-earth,127,normal,common,2,83332,9b5871c5-bb94-4803-93ba-cd1a630b00d6,0.2,false,false,near_mint,en,USD,2026-09-08T13:18:08.179Z
Priest of Urabrask,NPH,New Phyrexia,90,normal,uncommon,1,19795,d0a9f49c-f15c-4b2d-b6a5-8efc3c430d87,1.01,false,false,near_mint,en,USD,2026-09-08T13:18:08.180Z
Dragon Trainer,FDN,Foundations,84,normal,uncommon,1,100830,91bd75a1-cb54-4e38-9ce1-e8f32a73c6eb,0.16,false,false,near_mint,en,USD,2026-09-08T13:18:08.182Z
Cunning Coyote,OTJ,Outlaws of Thunder Junction,118,normal,uncommon,1,93176,5b4ac6ea-c67b-4f90-be4f-aa25882f5794,0.18,false,false,near_mint,en,USD,2026-09-08T13:18:08.189Z
Bulk Up,SOA,Secrets of Strixhaven Mystical Archive,40,normal,uncommon,1,112533,e86fcad5-8150-4a76-b27e-47a9f05745c1,0.34,false,false,near_mint,en,USD,2026-09-08T13:18:08.192Z
Bulk Up,FDN,Foundations,80,normal,uncommon,1,100857,977dcc50-da10-4281-b522-9240c1204f5d,0.34,false,false,near_mint,en,USD,2026-09-08T13:18:08.193Z
Osteomancer Adept,BLB,Bloomburrow,312,normal,rare,1,95793,6ef4532d-63ea-4a70-86b3-58327b7e9706,0.76,false,false,near_mint,en,USD,2026-09-08T13:18:08.196Z
Moria Marauder,LTR,The Lord of the Rings: Tales of Middle-earth,138,normal,rare,1,83637,f33d5394-2248-4654-bec5-33b144752586,0.42,false,false,near_mint,en,USD,2026-09-08T13:18:08.197Z
Arni Brokenbrow,KHM,Kaldheim,120,normal,rare,1,57175,ff334bba-0805-4d5d-86c4-99185fe9a77a,0.21,false,false,near_mint,en,USD,2026-09-08T13:18:08.199Z
Book of Mazarbul,LTR,The Lord of the Rings: Tales of Middle-earth,116,normal,uncommon,1,82829,04dcef75-6f98-4233-ae32-6fe41724c8e0,0.2,false,false,near_mint,en,USD,2026-09-08T13:18:08.200Z
Foray of Orcs,LTR,The Lord of the Rings: Tales of Middle-earth,417,normal,uncommon,1,83626,ef083f43-4748-42e6-bc22-fc2570db5ca3,0.26,false,false,near_mint,en,USD,2026-09-08T13:18:08.201Z
Molten Exhale,TDM,Tarkir: Dragonstorm,113,normal,common,4,104440,0ab95aab-a4bf-4131-83a0-2c138b6f20c3,0.19,false,false,near_mint,en,USD,2026-09-08T13:18:08.190Z
Final Vengeance,DSK,Duskmourn: House of Horror,99,normal,common,3,98835,648da934-71f6-4945-a08f-09698414417b,0.28,false,false,near_mint,en,USD,2026-09-08T13:33:17.229Z
Ambush Gigapede,OTJ,Outlaws of Thunder Junction,77,normal,common,3,93268,93b17d09-974a-4e33-b14d-5fe4230ab241,0.12,false,false,near_mint,en,USD,2026-09-08T13:33:17.230Z
Cracked Skull,DSK,Duskmourn: House of Horror,88,normal,common,2,99214,7616ad5e-ed30-4876-8743-6f0f9f143ea1,0.15,false,false,near_mint,en,USD,2026-09-08T13:33:17.231Z
Fear of Lost Teeth,DSK,Duskmourn: House of Horror,97,normal,common,5,98613,259045fe-f349-4be1-bf29-465d084ed35e,0.23,false,false,near_mint,en,USD,2026-09-08T13:33:17.232Z
Balemurk Leech,DSK,Duskmourn: House of Horror,84,normal,common,3,99016,f0621b32-95c5-4f70-96cf-d46d20efc85d,0.17,false,false,near_mint,en,USD,2026-09-08T13:33:17.233Z
Give In to Violence,DSK,Duskmourn: House of Horror,101,normal,common,3,98763,00ac1759-d4cc-41d5-a9b7-a89b80d2190c,0.11,false,false,near_mint,en,USD,2026-09-08T13:33:17.234Z
Sporogenic Infection,DSK,Duskmourn: House of Horror,117,normal,uncommon,2,99013,eaae086e-0781-4f4d-bc9c-a98228bc380c,0.24,false,false,near_mint,en,USD,2026-09-08T13:33:17.235Z
Fanatic of the Harrowing,DSK,Duskmourn: House of Horror,96,normal,common,2,98699,2a0acb05-91e0-4f7c-b48b-99e1068fad16,0.19,false,false,near_mint,en,USD,2026-09-08T13:33:17.236Z
Shoot the Sheriff,OTJ,Outlaws of Thunder Junction,106,normal,uncommon,2,93063,180d6528-c524-4bb8-8a72-b3775cd2c177,1.03,false,false,near_mint,en,USD,2026-09-08T19:37:09.132Z
Mourner's Surprise,OTJ,Outlaws of Thunder Junction,94,normal,common,1,93274,980b0b68-7218-49c6-b6bf-022218f3abf4,0.12,false,false,near_mint,en,USD,2026-09-08T19:37:09.133Z
Innocuous Rat,DSK,Duskmourn: House of Horror,103,normal,common,1,98872,94edbbc5-5673-4753-bfad-4432c4b7dca4,0.23,false,false,near_mint,en,USD,2026-09-08T19:37:09.134Z
Uruk-hai Berserker,LTR,The Lord of the Rings: Tales of Middle-earth,112,normal,common,1,83302,936421a0-2c2a-4410-941d-4e6b88166bd1,0.15,false,false,near_mint,en,USD,2026-09-08T19:37:09.135Z
"Gollum, Patient Plotter",LTR,The Lord of the Rings: Tales of Middle-earth,309,normal,uncommon,1,83375,a881aa61-fc7c-4ffb-a129-f75be8b2e498,0.23,false,false,near_mint,en,USD,2026-09-08T19:37:09.136Z
Come Back Wrong,DSK,Duskmourn: House of Horror,86,normal,rare,1,95604,72ee3b45-aa4e-4c5b-a9e6-608bfbd93f8b,0.43,false,false,near_mint,en,USD,2026-09-08T19:37:09.138Z
Killer's Mask,DSK,Duskmourn: House of Horror,104,normal,uncommon,1,99407,f1fc02ae-77b8-4e5e-94b4-22ecf7ae40ae,0.17,false,false,near_mint,en,USD,2026-09-08T19:37:09.139Z
Gollum's Bite,LTR,The Lord of the Rings: Tales of Middle-earth,85,normal,uncommon,1,82900,1b1e790e-ff82-4888-8aee-9986c646241a,0.23,false,false,near_mint,en,USD,2026-09-08T19:37:09.140Z
Rictus Robber,OTJ,Outlaws of Thunder Junction,102,normal,uncommon,1,93090,252def94-2d89-48f7-8ff7-9c8682ca3ec6,0.14,false,false,near_mint,en,USD,2026-09-08T19:37:09.141Z
Fear of the Dark,DSK,Duskmourn: House of Horror,98,normal,common,1,98866,8700eb8d-1cc0-45ff-b769-c875ee6500ea,0.2,false,false,near_mint,en,USD,2026-09-08T19:37:09.142Z
Nowhere to Run,DSK,Duskmourn: House of Horror,111,normal,uncommon,1,95623,fee60e9d-9ee7-444a-88f3-c1929e1888fb,0.69,false,false,near_mint,en,USD,2026-09-08T19:37:09.145Z
"Kain, Traitorous Dragoon",FIN,Final Fantasy,105,normal,rare,1,105761,f8c86be0-e1b3-4a78-9254-238dd936914b,0.29,false,false,near_mint,en,USD,2026-09-08T19:37:09.148Z
Nasty End,LTR,The Lord of the Rings: Tales of Middle-earth,99,normal,common,1,83477,c34f88d7-15a1-434f-88d7-3d4fcf406d54,0.2,false,false,near_mint,en,USD,2026-09-08T19:37:09.154Z
Servant of the Stinger,OTJ,Outlaws of Thunder Junction,105,normal,uncommon,1,93313,b5c98650-b195-4071-8e02-4df35fddddc7,0.18,false,false,near_mint,en,USD,2026-09-08T19:37:09.156Z
Popular Egotist,DSK,Duskmourn: House of Horror,114,normal,uncommon,1,98809,35e64605-8edb-4def-9522-765e90d1f0f3,0.32,false,false,near_mint,en,USD,2026-09-08T19:37:09.157Z
Claim the Precious,LTR,The Lord of the Rings: Tales of Middle-earth,81,normal,common,1,82862,121c12c4-83ea-463e-8fdf-30718968a2bd,0.31,false,false,near_mint,en,USD,2026-09-08T19:37:09.158Z
Pilfer,FDN,Foundations,181,normal,common,1,101564,8c7c88b5-6d09-453b-b9c1-7dcbba8f1080,0.26,false,false,near_mint,en,USD,2026-09-08T19:37:09.160Z
Midnight Snack,FDN,Foundations,65,normal,uncommon,1,101129,c9b7543f-2a45-4db6-b560-d15507a58c91,0.28,false,false,near_mint,en,USD,2026-09-08T19:37:09.161Z
Defiled Crypt // Cadaver Lab,DSK,Duskmourn: House of Horror,91,normal,uncommon,2,99366,d94fb4da-0d3f-4d84-966b-914b84b23289,0.24,false,false,near_mint,en,USD,2026-09-08T19:37:09.168Z
Commune with Evil,DSK,Duskmourn: House of Horror,87,normal,uncommon,1,98876,9ab94ebe-b51b-4c6f-af43-0ed80e2808a3,0.25,false,false,near_mint,en,USD,2026-09-08T19:37:09.171Z
Nocturnal Hunger,BLB,Bloomburrow,102,normal,common,1,96060,742c0409-9abd-4559-b52e-932cc90c531a,0.13,false,false,near_mint,en,USD,2026-09-08T19:37:09.172Z
Ambition's Cost,MOC,March of the Machine Commander,246,normal,uncommon,1,81979,d560c996-ef80-4117-8642-a632ae51c07d,0.35,false,false,near_mint,en,USD,2026-09-08T19:37:09.174Z
Bake into a Pie,FDN,Foundations,169,normal,common,1,101494,2ab0e660-86a3-4b92-82fa-77dcb5db947d,0.27,false,false,near_mint,en,USD,2026-09-08T19:37:09.176Z
Cirith Ungol Patrol,LTR,The Lord of the Rings: Tales of Middle-earth,80,normal,common,1,83215,7cd03837-37cc-4f6c-8e22-e3b0ff635462,0.2,false,false,near_mint,en,USD,2026-09-08T19:37:09.177Z
Bonecache Overseer,BLB,Bloomburrow,85,normal,uncommon,1,95944,82defb87-237f-4b77-9673-5bf00607148f,0.26,false,false,near_mint,en,USD,2026-09-08T19:37:09.178Z
Daggerfang Duo,BLB,Bloomburrow,89,normal,common,1,96468,cea2bb34-e328-44fb-918a-72208c9457e4,0.2,false,false,near_mint,en,USD,2026-09-08T19:37:09.179Z
Voracious Fell Beast,LTR,The Lord of the Rings: Tales of Middle-earth,422,normal,uncommon,1,83542,d6ce6be0-ebfe-4d50-87c6-8c1fc7536f1f,0.23,false,false,near_mint,en,USD,2026-09-08T19:37:09.180Z
Poisoner's Apprentice,SOS,Secrets of Strixhaven,92,normal,uncommon,1,112591,3755a2e9-af55-4625-a006-2a86c7893a96,0.15,false,false,near_mint,en,USD,2026-09-08T19:37:09.181Z
"Gothmog, Morgul Lieutenant",LTR,The Lord of the Rings: Tales of Middle-earth,429,normal,uncommon,1,83055,4b9af0ce-db08-4ccf-a9f3-b7c1eea14423,0.29,false,false,near_mint,en,USD,2026-09-08T19:37:09.182Z
Orcish Medicine,LTR,The Lord of the Rings: Tales of Middle-earth,104,normal,common,1,83149,66fae9ab-2302-4dea-a4e8-701938a0ef09,0.24,false,false,near_mint,en,USD,2026-09-08T19:37:09.183Z
Cloudkill,CLB,Commander Legends: Battle for Baldur's Gate,121,normal,uncommon,1,69120,7c71b2b8-f5ef-4885-9f8d-284fe335d184,0.22,false,false,near_mint,en,USD,2026-09-08T19:37:09.184Z
Stargaze,BLB,Bloomburrow,114,normal,uncommon,1,95939,777fc599-8de7-44d2-8fdd-9bddf5948a0c,0.34,false,false,near_mint,en,USD,2026-09-08T19:37:09.185Z
Dunland Crebain,LTR,The Lord of the Rings: Tales of Middle-earth,411,normal,common,1,83634,f1b90963-2a4c-4e0a-9d00-5d3df258c880,0.2,false,false,near_mint,en,USD,2026-09-08T19:37:09.186Z
Mordor Trebuchet,LTR,The Lord of the Rings: Tales of Middle-earth,97,normal,common,1,83140,648bc8ae-1798-4c2f-a372-0487a90ba4d3,0.13,false,false,near_mint,en,USD,2026-09-08T19:37:09.187Z
Offer Immortality,FDN,Foundations,525,normal,common,1,97180,6d5802ed-507d-4a52-90e3-d989cd61961b,0.21,false,false,near_mint,en,USD,2026-09-08T19:37:09.189Z
March from the Black Gate,LTR,The Lord of the Rings: Tales of Middle-earth,94,normal,uncommon,1,82810,e57815d4-b21f-4ceb-a3f1-73cff5f0e612,0.23,false,false,near_mint,en,USD,2026-09-08T19:37:09.191Z
Flesh-Eater Imp,MBS,Mirrodin Besieged,42,normal,uncommon,1,20099,6d5ee9f3-80fe-43b0-be5b-0c93103e1077,0.28,false,false,near_mint,en,USD,2026-09-08T19:37:09.192Z
Phantom Train,FIN,Final Fantasy,110,normal,uncommon,1,106350,7a50d2ac-101d-41e1-b400-18fa7d2d7125,0.24,false,false,near_mint,en,USD,2026-09-08T19:37:09.193Z
Fire Navy Trebuchet,TLA,Avatar: The Last Airbender,100,normal,uncommon,1,109820,e58372cc-9a89-47a4-a0db-df5435e26cd3,0.22,false,false,near_mint,en,USD,2026-09-08T19:37:09.194Z
Unfortunate Accident,OTJ,Outlaws of Thunder Junction,111,normal,uncommon,1,93039,0c5a25d9-926e-4004-8830-2b2bf7bc0775,0.23,false,false,near_mint,en,USD,2026-09-08T19:37:09.195Z
Hollow Marauder,OTJ,Outlaws of Thunder Junction,90,normal,uncommon,1,93380,df2913d5-57c7-4f9b-bc96-8a46beef2563,0.16,false,false,near_mint,en,USD,2026-09-08T19:37:09.196Z
Neutralize the Guards,OTJ,Outlaws of Thunder Junction,95,normal,uncommon,1,93185,60f1a481-598e-4e05-8471-eedb12a39022,0.15,false,false,near_mint,en,USD,2026-09-08T19:37:09.200Z
Suspicious Shambler,FDN,Foundations,527,normal,common,1,100393,3d2c5345-eb55-4bca-9183-b4e1404405f8,0.07,false,false,near_mint,en,USD,2026-09-08T19:37:09.210Z
Moodmark Painter,GRN,Guilds of Ravnica,78,normal,common,1,405,82903e5f-c10f-4767-a2c0-6f8cc7280fa0,0.04,false,false,near_mint,en,USD,2026-09-08T19:37:09.211Z
Mire Blight,ZEN,Zendikar,104,normal,common,1,22520,1e63238d-a022-4ea1-a83d-0b2260d56a17,0.09,false,false,near_mint,en,USD,2026-09-08T19:37:09.212Z
Revenant,CMR,Commander Legends,147,normal,uncommon,1,56037,307a8465-9e33-4441-b512-a112e8524328,0.21,false,false,near_mint,en,USD,2026-09-08T19:37:09.213Z
Hooded Assassin,FRF,Fate Reforged,73,normal,common,1,12053,05d4da1d-5b8c-43be-aa30-22df69c0cc23,0.12,false,false,near_mint,en,USD,2026-09-08T19:37:09.214Z
Spark Reaper,MIC,Midnight Hunt Commander,128,normal,common,1,63625,73f0eaab-fd0b-419b-bbf4-9028e965f5fb,0.08,false,false,near_mint,en,USD,2026-09-08T19:37:09.215Z
Cynical Loner,DSK,Duskmourn: House of Horror,89,normal,uncommon,2,98918,cc93bcb8-778d-491e-877b-e6ad432764cb,0.24,false,false,near_mint,en,USD,2026-09-08T19:37:09.216Z
Ahriman,FIN,Final Fantasy,87,normal,common,1,106517,162a415c-5465-497e-8f4e-c6f09681641d,0.2,false,false,near_mint,en,USD,2026-09-08T19:37:09.218Z
Alley Strangler,AER,Aether Revolt,52,normal,common,1,6362,a131d558-5f6b-448b-a378-1882e2d02bd2,0.07,false,false,near_mint,en,USD,2026-09-08T19:37:09.221Z
Conductor of Cacophony,J22,Jumpstart 2022,20,normal,uncommon,1,76220,37d4f19b-3c4e-4aa0-90f5-6cf397a5ad6d,0.17,false,false,near_mint,en,USD,2026-09-08T19:37:09.223Z
Undercity Dire Rat,FIN,Final Fantasy,123,normal,common,1,106270,274788f4-fbf3-4a15-bdc0-f513a2fde30d,0.19,false,false,near_mint,en,USD,2026-09-08T19:37:09.224Z
Cornered by Black Mages,FIN,Final Fantasy,93,normal,common,2,106564,688fcf8a-0a44-416a-8086-83acf9a6fe69,0.23,false,false,near_mint,en,USD,2026-09-08T19:37:09.229Z
Shinra Reinforcements,FIN,Final Fantasy,118,normal,common,2,106282,7367b257-1a8c-4593-a307-7116e36e0342,0.1,false,false,near_mint,en,USD,2026-09-08T19:37:09.230Z
Namazu Trader,FIN,Final Fantasy,107,normal,common,1,106248,f9d25b34-990d-416c-aef7-1b5a73f19dd4,0.08,false,false,near_mint,en,USD,2026-09-08T19:37:09.241Z
Malboro,FIN,Final Fantasy,106,normal,common,1,105739,e46d8048-03ce-4e07-ba24-f41ba6140a4e,0.18,false,false,near_mint,en,USD,2026-09-08T19:37:09.242Z
Heartless Pillage,OTP,Breaking News,14,normal,uncommon,1,93355,d06a1a70-aa26-4178-8486-e0a25c907cdb,0.1,false,false,near_mint,en,USD,2026-09-08T19:37:09.248Z
Resurrected Cultist,DSK,Duskmourn: House of Horror,115,normal,common,1,98933,e41bd259-e81f-432a-bebf-4c6534f23db7,0.08,false,false,near_mint,en,USD,2026-09-08T19:37:09.249Z
Live or Die,DSK,Duskmourn: House of Horror,107,normal,uncommon,1,99006,cd81e438-e38f-42a1-b677-202dbcb3837c,0.27,false,false,near_mint,en,USD,2026-09-08T19:37:09.250Z
Dashing Bloodsucker,DSK,Duskmourn: House of Horror,90,normal,uncommon,1,98849,790a90cc-d36f-43b5-8423-89e30bdf7b9f,0.12,false,false,near_mint,en,USD,2026-09-08T19:37:09.254Z
Mirkwood Bats,LTR,The Lord of the Rings: Tales of Middle-earth,95,normal,common,1,82881,15f035df-784a-4dc8-b7f5-77139a4e6e99,1.81,false,false,near_mint,en,USD,2026-09-08T19:37:09.259Z
Outrageous Robbery,MKM,Murders at Karlov Manor,97,normal,rare,2,91152,b87813fa-ad12-4062-bb9e-436d8418fba5,0.45,false,false,near_mint,en,USD,2026-09-08T19:37:09.260Z
Summon: Anima,FIN,Final Fantasy,364,normal,uncommon,1,106367,d4aa9f4e-cba9-41fa-8c65-3e263988f90d,0.55,false,false,near_mint,en,USD,2026-09-08T19:37:09.261Z
Deadly Dispute,FCA,Final Fantasy: Through the Ages,33,normal,uncommon,1,106355,a4e0b297-6d33-4e2b-b497-aa952dcf2141,0.58,false,false,near_mint,en,USD,2026-09-08T19:37:09.262Z
"Koh, the Face Stealer",TLA,Avatar: The Last Airbender,107,normal,mythic,1,109663,28f6fa32-5058-4c29-9ba8-9d8f2057eb6d,0.44,false,false,near_mint,en,USD,2026-09-08T19:37:09.263Z
Qarsi Revenant,TDM,Tarkir: Dragonstorm,86,normal,rare,2,104323,8c93a0f6-5e50-4dda-9ff6-da741fb839ff,2.73,false,false,near_mint,en,USD,2026-09-08T19:37:09.264Z
Valley Rotcaller,BLB,Bloomburrow,119,normal,rare,1,95781,4da80a9a-b1d5-4fc5-92f7-36946195d0c7,2.89,false,false,near_mint,en,USD,2026-09-08T19:37:09.265Z
Starscape Cleric,BLB,Bloomburrow,116,normal,uncommon,1,96037,53a938a7-0154-4350-87cb-00da24ec3824,1.67,false,false,near_mint,en,USD,2026-09-08T19:37:09.266Z
Creeping Bloodsucker,J25,Foundations Jumpstart,415,normal,common,1,101211,d9f12481-e4dd-4a44-910f-e0d263de14ae,4.61,false,false,near_mint,en,USD,2026-09-08T19:37:09.267Z
Dread Slaver,AVR,Avacyn Restored,98,normal,rare,1,18180,3d8a3abd-a4a2-48e6-b709-1c0240a76c5e,0.26,false,false,near_mint,en,USD,2026-09-08T19:37:09.268Z
"Shark Shredder, Killer Clone",TMT,Teenage Mutant Ninja Turtles,73,normal,rare,2,110932,8f946b3d-7d2a-4210-a909-d16078757e3b,0.42,false,false,near_mint,en,USD,2026-09-08T19:37:09.269Z
Call of the Ring,LTR,The Lord of the Rings: Tales of Middle-earth,79,normal,rare,1,83376,a92a2c5a-e450-494a-b23b-7ac0a6c50535,5.23,false,false,near_mint,en,USD,2026-09-08T19:37:09.270Z
Lobelia Sackville-Baggins,LTR,The Lord of the Rings: Tales of Middle-earth,93,normal,rare,1,83263,87500b92-3d68-42f3-afa9-f8206b2ebcbb,0.32,false,false,near_mint,en,USD,2026-09-08T19:37:09.271Z
Bastion of Remembrance,TDC,Tarkir: Dragonstorm Commander,171,normal,uncommon,1,104835,9d0c6077-f84c-4e91-87dc-b0ac81d557f8,0.35,false,false,near_mint,en,USD,2026-09-08T19:37:09.272Z
Mirkwood Bats,LTR,The Lord of the Rings: Tales of Middle-earth,421,normal,common,1,83265,882747f9-b4fe-42be-8fe9-f871cd0779bd,1.4,false,false,near_mint,en,USD,2026-09-08T19:37:09.273Z
Nezumi Linkbreaker,OTJ,Outlaws of Thunder Junction,96,normal,common,3,93207,6dd0095b-6136-4368-94cb-4c82621aaf37,0.26,false,false,near_mint,en,USD,2026-09-08T19:37:09.128Z
Corrupted Conviction,OTJ,Outlaws of Thunder Junction,84,normal,common,3,93235,8046f892-3317-4ef7-9cf7-97b9060540c8,0.35,false,false,near_mint,en,USD,2026-09-08T19:37:09.129Z
Spectral Snatcher,DSK,Duskmourn: House of Horror,116,normal,common,3,98982,68f90f57-94a0-4ee1-9383-093e8fca52ea,0.17,false,false,near_mint,en,USD,2026-09-08T19:37:09.130Z
Murder,DSK,Duskmourn: House of Horror,110,normal,common,3,98802,2c249609-9cf7-46f1-b94c-9329add966bb,0.32,false,false,near_mint,en,USD,2026-09-08T19:37:09.131Z
Rooftop Assassin,OTJ,Outlaws of Thunder Junction,103,normal,common,3,93391,e4e4311a-8583-4cf0-8126-508dbfbcddb6,0.15,false,false,near_mint,en,USD,2026-09-08T19:37:09.137Z
Desert's Due,OTJ,Outlaws of Thunder Junction,85,normal,common,3,93119,35e899e4-e2de-44cf-b6f4-cace8d3770cb,0.12,false,false,near_mint,en,USD,2026-09-08T19:37:09.143Z
Let's Play a Game,DSK,Duskmourn: House of Horror,105,normal,uncommon,2,98980,645911b4-7728-4380-9097-e4139b986423,0.26,false,false,near_mint,en,USD,2026-09-08T19:37:09.144Z
Derelict Attic // Widow's Walk,DSK,Duskmourn: House of Horror,93,normal,common,3,99091,2cae24c1-53f1-4f3f-8795-b634c46a17c4,0.17,false,false,near_mint,en,USD,2026-09-08T19:37:09.147Z
Desperate Bloodseeker,OTJ,Outlaws of Thunder Junction,86,normal,common,3,93295,a59da027-b5dd-4920-b3a1-9da05fcb1977,0.18,false,false,near_mint,en,USD,2026-09-08T19:37:09.149Z
Skulduggery,OTJ,Outlaws of Thunder Junction,107,normal,common,3,93030,03709166-164a-4075-ad0d-ea3b516ab771,0.12,false,false,near_mint,en,USD,2026-09-08T19:37:09.151Z
Raven of Fell Omens,OTJ,Outlaws of Thunder Junction,101,normal,common,2,93386,e2df3cb4-1658-450a-912a-df336706acdc,0.12,false,false,near_mint,en,USD,2026-09-08T19:37:09.153Z
Infestation Sage,FDN,Foundations,64,normal,common,2,101601,d40c73de-7a5f-46f2-a70b-449bc8ecfe24,0.24,false,false,near_mint,en,USD,2026-09-08T19:37:09.159Z
Fake Your Own Death,FDN,Foundations,174,normal,common,4,101539,693635a6-df50-44c5-9598-0c79b45d4df4,0.25,false,false,near_mint,en,USD,2026-09-08T19:37:09.169Z
Worthy Cost,TDM,Tarkir: Dragonstorm,99,normal,common,2,104883,adc18edc-01d8-4a7e-a87b-a854e50aa75e,0.28,false,false,near_mint,en,USD,2026-09-08T19:37:09.173Z
Overzealous Muscle,OTJ,Outlaws of Thunder Junction,97,normal,common,3,93353,ce57d977-e9c5-4ed1-915f-cdc90a54f8f8,0.12,false,false,near_mint,en,USD,2026-09-08T19:37:09.203Z
Winter's Intervention,DSK,Duskmourn: House of Horror,123,normal,common,3,99302,b33d38fa-bbcf-4bcc-93a8-adbfd9c93faa,0.11,false,false,near_mint,en,USD,2026-09-08T19:37:09.204Z
Binding Negotiation,OTJ,Outlaws of Thunder Junction,78,normal,uncommon,2,93077,1c4c26b9-981f-47cf-b0f4-769e788d9537,0.18,false,false,near_mint,en,USD,2026-09-08T19:37:09.207Z
Blacksnag Buzzard,OTJ,Outlaws of Thunder Junction,79,normal,common,2,93414,ef10b2ad-9b9b-4c5d-a2c7-3ce742224b50,0.08,false,false,near_mint,en,USD,2026-09-08T19:37:09.209Z
Qutrub Forayer,FIN,Final Fantasy,112,normal,common,2,106575,7475ecf6-23f5-45af-9ef0-ac7923bbc9cb,0.11,false,false,near_mint,en,USD,2026-09-08T19:37:09.219Z
Ossuary Rats,J22,Jumpstart 2022,24,normal,common,2,76709,c93dc52c-6f62-45cc-a5e2-95f794e04b94,0.23,false,false,near_mint,en,USD,2026-09-08T19:37:09.220Z
Cackling Slasher,DSK,Duskmourn: House of Horror,85,normal,common,2,99296,b1269ccf-febf-42b0-8c20-21ccb731a3ec,0.12,false,false,near_mint,en,USD,2026-09-08T19:37:09.225Z
Appendage Amalgam,DSK,Duskmourn: House of Horror,83,normal,common,3,98919,d16b3cf3-7b85-4153-b25a-e6b5fce725cf,0.14,false,false,near_mint,en,USD,2026-09-08T19:37:09.231Z
Consuming Ashes,OTJ,Outlaws of Thunder Junction,83,normal,common,2,93165,54f96be9-60fc-4e2f-9172-4cc53c9a095a,0.16,false,false,near_mint,en,USD,2026-09-08T19:37:09.232Z
"Witherbloom, the Balancer",SOS,Secrets of Strixhaven,288,normal,mythic,1,111744,cc22696c-a9ef-48b7-a74a-7dd0a9c3d1bb,10.88,false,false,near_mint,en,USD,2026-09-08T19:41:22.686Z
Surge of Salvation,MOM,March of the Machine,41,normal,uncommon,1,81059,41d25ee5-0348-4206-bb6a-ccb0a599ac87,0.45,false,false,near_mint,en,USD,2026-09-08T19:45:36.761Z
Resolute Watchdog,RNA,Ravnica Allegiance,19,normal,uncommon,1,43845,56d86909-b7f3-4a46-9904-e173853b79f1,0.31,false,false,near_mint,en,USD,2026-09-08T19:45:36.763Z
Eland Umbra,ROE,Rise of the Eldrazi,19,normal,common,1,21948,f3a2ec16-bee4-4dfd-81cb-cb81b017170c,0.36,false,false,near_mint,en,USD,2026-09-08T19:45:36.764Z
Mentor of the Meek,INR,Innistrad Remastered,34,normal,uncommon,1,102469,280ca0f4-be07-452a-bbc0-c25570f14008,0.36,false,false,near_mint,en,USD,2026-09-08T19:45:36.766Z
Starfield Shepherd,EOE,Edge of Eternities,37,normal,uncommon,2,106954,1226e575-aa78-4c68-be1d-6e5c2dc6315b,0.36,false,false,near_mint,en,USD,2026-09-08T19:45:36.767Z
Star Charter,BLB,Bloomburrow,33,normal,uncommon,1,95894,0e209237-00f7-4bf0-8287-ccde02ce8e8d,0.23,false,false,near_mint,en,USD,2026-09-08T19:45:36.768Z
Angel of Finality,FDN,Foundations,136,normal,uncommon,1,101057,baaabd52-3aa9-4e2f-9369-d4db8b405ba8,0.29,false,false,near_mint,en,USD,2026-09-08T19:45:36.769Z
Collision Course,DFT,Aetherdrift,10,normal,common,1,103526,6b60da34-b622-42de-a249-79545bcbf30d,0.14,false,false,near_mint,en,USD,2026-09-08T19:45:36.770Z
Aerith Rescue Mission,FIN,Final Fantasy,5,normal,common,1,106532,3123d16c-e1e6-4659-a7a3-2ec6efc6bf08,0.17,false,false,near_mint,en,USD,2026-09-08T19:45:36.771Z
The Crystal's Chosen,FIN,Final Fantasy,14,normal,uncommon,1,105725,d4df4373-0ee6-44e3-81c6-0881c070014c,0.21,false,false,near_mint,en,USD,2026-09-08T19:45:36.772Z
Snow Villiers,FIN,Final Fantasy,33,normal,uncommon,1,106537,399bb699-e61d-4b41-b6e9-e594cbad6194,0.16,false,false,near_mint,en,USD,2026-09-08T19:45:36.773Z
"Lita, Little Orphan Amphibian",TMT,Teenage Mutant Ninja Turtles,19,normal,uncommon,1,111320,9fbaabb5-e981-4cbf-888c-46449412711f,0.2,false,false,near_mint,en,USD,2026-09-08T19:45:36.774Z
Make a Stand,CMR,Commander Legends,32,normal,uncommon,1,56044,3a948ef4-145f-4bea-b4af-5daa951b338c,0.23,false,false,near_mint,en,USD,2026-09-08T19:45:36.775Z
Lassoed by the Law,OTJ,Outlaws of Thunder Junction,18,normal,uncommon,2,93406,ea96eeac-c316-4247-a81f-0ddf52675ebf,0.2,false,false,near_mint,en,USD,2026-09-08T19:45:36.776Z
Bridled Bighorn,OTJ,Outlaws of Thunder Junction,7,normal,common,1,93438,fa7bf089-fa9b-4ffc-bf84-45cd51c76463,0.12,false,false,near_mint,en,USD,2026-09-08T19:45:36.779Z
Rustler Rampage,OTJ,Outlaws of Thunder Junction,27,normal,uncommon,1,93115,33ed7ca3-894b-45f4-a15f-51b6bcd3f474,0.21,false,false,near_mint,en,USD,2026-09-08T19:45:36.782Z
Sheltered by Ghosts,SOC,Secrets of Strixhaven Commander,171,normal,uncommon,2,112020,8e8a5cfe-1b3f-4414-b9a4-078bdb4072a7,1.75,false,false,near_mint,en,USD,2026-09-08T19:45:36.783Z
"Faramir, Field Commander",LTR,The Lord of the Rings: Tales of Middle-earth,14,normal,uncommon,1,82889,17c2250a-9af1-40de-9f09-7e8c7daec520,0.16,false,false,near_mint,en,USD,2026-09-08T19:45:36.785Z
Ajani's Pridemate,FDN,Foundations,135,normal,uncommon,2,100255,222c1a68-e34c-4103-b1be-17d4ceaef6ce,0.27,false,false,near_mint,en,USD,2026-09-08T19:45:36.786Z
Feudkiller's Verdict,MMA,Modern Masters,15,normal,uncommon,1,16294,f2993319-5b3d-48ca-b78d-563a8b66d76d,0.33,false,false,near_mint,en,USD,2026-09-08T19:45:36.787Z
Mentor of the Meek,J25,Foundations Jumpstart,99,normal,uncommon,3,100437,45dd4f49-be8c-468d-b9e4-a71aac5e4281,0.26,false,false,near_mint,en,USD,2026-09-08T19:45:36.791Z
Eagles of the North,LTR,The Lord of the Rings: Tales of Middle-earth,7,normal,common,2,83470,c1bd3bc0-77bd-40fe-b4f1-835a04cb6e41,0.28,false,false,near_mint,en,USD,2026-09-08T19:45:36.792Z
Harsh Annotation,SOS,Secrets of Strixhaven,18,normal,uncommon,2,112706,e07a8fc7-c11c-4469-a31d-0abf40e57bbf,0.24,false,false,near_mint,en,USD,2026-09-08T19:45:36.793Z
Graduation Day,SOS,Secrets of Strixhaven,16,normal,uncommon,3,111755,db1cea01-123e-4b23-8b98-f94cabce3912,0.27,false,false,near_mint,en,USD,2026-09-08T19:45:36.794Z
Shattered Acolyte,SOS,Secrets of Strixhaven,31,normal,common,2,111659,dc0517ca-b271-49a1-a286-c20f4e5b9309,0.24,false,false,near_mint,en,USD,2026-09-08T19:45:36.795Z
Rabbit Response,BLB,Bloomburrow,26,normal,common,2,96114,c4ded450-346d-4917-917a-b62bc0267509,0.12,false,false,near_mint,en,USD,2026-09-08T19:45:36.796Z
Dragonback Lancer,TDM,Tarkir: Dragonstorm,9,normal,common,2,104235,0200a8c5-3293-48d0-a523-ba148680f588,0.19,false,false,near_mint,en,USD,2026-09-08T19:45:36.799Z
Salt Road Packbeast,TDM,Tarkir: Dragonstorm,23,normal,common,3,104327,98d548c9-42bc-4155-8211-0aea801c3724,0.12,false,false,near_mint,en,USD,2026-09-08T19:45:36.800Z
Teeming Dragonstorm,TDM,Tarkir: Dragonstorm,30,normal,uncommon,3,104563,3b9d771f-24dc-4ed6-8051-62df576a2ba5,0.15,false,false,near_mint,en,USD,2026-09-08T19:45:36.804Z
Invasion of Dominaria // Serra Faithkeeper,MOM,March of the Machine,21,normal,uncommon,2,81131,7e784d3d-0c6d-4ce5-beb5-edd2adb32385,0.18,false,false,near_mint,en,USD,2026-09-08T19:45:36.805Z
Stormbeacon Blade,TDM,Tarkir: Dragonstorm,27,normal,uncommon,2,105176,f2f12684-c80a-422b-9c3f-ed4f31742b9d,0.22,false,false,near_mint,en,USD,2026-09-08T19:45:36.806Z
Spring-Loaded Sawblades // Bladewheel Chariot,LCI,The Lost Caverns of Ixalan,36,normal,uncommon,1,88345,24417388-f2bb-4783-bdce-264774531838,0.33,false,false,near_mint,en,USD,2026-09-08T19:45:36.807Z
Carrot Cake,BLB,Bloomburrow,7,normal,common,2,95636,eb03bb4f-8b4b-417e-bfc6-294cd2186b2e,0.23,false,false,near_mint,en,USD,2026-09-08T19:45:36.808Z
Auramancer,DSC,Duskmourn: House of Horror Commander,97,normal,common,5,99355,d0957032-6d98-4cac-889b-890e9bfe1f86,0.29,false,false,near_mint,en,USD,2026-09-08T19:45:36.809Z
Gather the Townsfolk,DDQ,Duel Decks: Blessed vs. Cursed,12,normal,common,2,9171,76f66ee8-8289-4780-aaec-feabd8ea9e3d,0.29,false,false,near_mint,en,USD,2026-09-08T19:45:36.810Z
Raise the Alarm,CMR,Commander Legends,41,normal,common,1,55721,6c7c8527-55f6-494d-b4f7-c427a5735053,0.24,false,false,near_mint,en,USD,2026-09-08T19:45:36.811Z
Inspiring Paladin,FDN,Foundations,18,normal,common,3,101472,0763be06-25b2-4d6b-ab33-a1af85aeb443,0.2,false,false,near_mint,en,USD,2026-09-08T19:45:36.812Z
Pegasus Guardian // Rescue the Foal,CLB,Commander Legends: Battle for Baldur's Gate,36,normal,common,1,68899,1d958ec3-1ddc-4622-9089-cbe5b3b47c90,0.27,false,false,near_mint,en,USD,2026-09-08T19:45:36.814Z
Crumb and Get It,BLB,Bloomburrow,8,normal,common,3,96259,3c7b3b25-d4b3-4451-9f5c-6eb369541175,0.24,false,false,near_mint,en,USD,2026-09-08T19:45:36.762Z
Charge of the Mites,ONE,Phyrexia: All Will Be One,6,normal,common,4,78520,42060b9d-de58-485e-817a-1e64839943aa,0.23,false,false,near_mint,en,USD,2026-09-08T19:45:36.765Z
Take Up the Shield,OTJ,Outlaws of Thunder Junction,34,normal,common,4,93224,76a31968-ba6d-4c01-838f-4cb8c64e73fb,0.16,false,false,near_mint,en,USD,2026-09-08T19:45:36.777Z
Shepherding Spirits,DSK,Duskmourn: House of Horror,31,normal,common,2,98720,86c02ab1-0fb2-4cb0-a871-bfad406726fc,0.08,false,false,near_mint,en,USD,2026-09-08T19:45:36.778Z
Rootborn Defenses,CLU,Ravnica: Clue Edition,71,normal,common,4,91281,eb3ef4da-27c0-4364-a198-f70bea869d9b,0.16,false,false,near_mint,en,USD,2026-09-08T19:45:36.788Z
Hop to It,BLB,Bloomburrow,16,normal,uncommon,2,95851,ee7207f8-5daa-42af-aeea-7a489047110b,0.28,false,false,near_mint,en,USD,2026-09-08T19:45:36.789Z
Ossification,ONE,Phyrexia: All Will Be One,26,normal,uncommon,3,78396,0da03224-c1af-438f-96c2-b0e41e1070b7,0.29,false,false,near_mint,en,USD,2026-09-08T19:45:36.797Z
Riling Dawnbreaker // Signaling Roar,TDM,Tarkir: Dragonstorm,21,normal,common,4,104532,312f7072-3bf8-449f-bfb7-93727ef26c66,0.09,false,false,near_mint,en,USD,2026-09-08T19:45:36.798Z
Cut a Deal,BLC,Bloomburrow Commander,105,normal,uncommon,1,96213,27a233b3-aeb3-4bc4-8c81-fcca514c3eb5,0.34,false,false,near_mint,en,USD,2026-09-08T19:48:51.855Z
Fortify,TSR,Time Spiral Remastered,18,normal,common,1,57811,b47af529-6ba1-4900-a6f6-7647c9632e11,0.07,false,false,near_mint,en,USD,2026-09-08T19:48:51.856Z
Bond of Discipline,WAR,War of the Spark,6,normal,uncommon,4,44398,bb7c78bb-9f2a-47a4-adc4-b497bb38f46f,0.39,false,false,near_mint,en,USD,2026-09-08T19:48:51.857Z
Planar Disruption,ONE,Phyrexia: All Will Be One,28,normal,common,1,78694,8ee69a1f-aeed-4eb4-8987-fa720fc99715,0.28,false,false,near_mint,en,USD,2026-09-08T19:48:51.859Z
Bovine Intervention,OTJ,Outlaws of Thunder Junction,6,normal,uncommon,1,93095,26c36742-456f-4618-99bc-793ef20b31b0,0.28,false,false,near_mint,en,USD,2026-09-08T19:48:51.860Z
Intangible Virtue,PIP,Fallout,163,normal,uncommon,2,92368,805c99f1-ab4d-4072-a8b7-7e2818adbc97,0.63,false,false,near_mint,en,USD,2026-09-08T19:48:51.861Z
Riot Control,BLC,Bloomburrow Commander,151,normal,common,1,96525,f0ca86cd-1b24-4abc-a877-c3aee6acf873,0.35,false,false,near_mint,en,USD,2026-09-08T19:48:51.862Z
Inspired Charge,MOM,March of the Machine,19,normal,common,1,81423,9f17e624-219a-4e76-bfe0-f49c9ddd4a6d,0.13,false,false,near_mint,en,USD,2026-09-08T19:48:51.864Z
Secret Rendezvous,SOC,Secrets of Strixhaven Commander,166,normal,uncommon,1,112048,9be712b3-14ed-4a73-b3d3-5b76b2c5db64,0.3,false,false,near_mint,en,USD,2026-09-08T19:48:51.865Z
White Auracite,FIN,Final Fantasy,41,normal,common,4,105873,2df6f515-9d21-4769-b1c4-c219611bccbb,0.21,false,false,near_mint,en,USD,2026-09-08T19:48:51.866Z
Stroke of Midnight,TDC,Tarkir: Dragonstorm Commander,132,normal,uncommon,2,104887,b000f605-177f-459d-a197-fcf54efec2fb,0.34,false,false,near_mint,en,USD,2026-09-08T19:48:51.868Z
Builder's Talent,BLB,Bloomburrow,5,normal,uncommon,1,96002,15fa581a-724e-4196-a9a3-ff84c54bdb7d,0.18,false,false,near_mint,en,USD,2026-09-08T19:48:51.869Z
Rumor Gatherer,CLB,Commander Legends: Battle for Baldur's Gate,705,normal,uncommon,3,69620,a7782044-616e-4d4f-b38f-93320ba19797,0.41,false,false,near_mint,en,USD,2026-09-08T19:48:51.870Z
Doomed Traveler,CLU,Ravnica: Clue Edition,59,normal,common,1,91032,8a03d414-bff9-4aba-8b0a-0ed57982251e,0.09,false,false,near_mint,en,USD,2026-09-08T19:48:51.871Z
East-Mark Cavalier,LTR,The Lord of the Rings: Tales of Middle-earth,9,normal,common,1,83337,9be412c0-45d4-4856-a8cf-63a5a822dc5c,0.09,false,false,near_mint,en,USD,2026-09-08T19:48:51.872Z
Swordsworn Cavalier,MOM,March of the Machine,42,normal,common,1,81430,aa0461fc-4298-45b9-90a0-939093cf2544,0.06,false,false,near_mint,en,USD,2026-09-08T19:48:51.873Z
"Krenko, Mob Boss",FDN,Foundations,204,normal,rare,1,100750,824b2d73-2151-4e5e-9f05-8f63e2bdcaa9,3.79,false,false,near_mint,en,USD,2026-09-08T19:52:26.901Z
"Zada, Hedron Grinder",MUL,Multiverse Legends,25,normal,uncommon,1,81147,8994524c-b9ff-4ca0-9ff0-2d074911bfe6,0.32,false,false,near_mint,en,USD,2026-09-08T19:52:26.902Z
"Arnyn, Deathbloom Botanist",SOS,Secrets of Strixhaven,74,normal,uncommon,1,112621,6168b472-0930-4db5-9920-407340b99050,0.32,false,false,near_mint,en,USD,2026-09-08T19:57:10.764Z
Bayek of Siwa,ACR,Assassin's Creed,50,normal,rare,2,95381,5e4510e9-dc3f-4403-ae52-348d2a3eef84,0.38,false,false,near_mint,en,USD,2026-09-08T19:57:10.767Z
Shao Jun,ACR,Assassin's Creed,151,normal,uncommon,1,95431,9313f099-7f76-4b3e-af6a-f62b13cad7b8,0.2,false,false,near_mint,en,USD,2026-09-08T19:57:10.768Z
"Shaun & Rebecca, Agents",ACR,Assassin's Creed,64,normal,rare,1,95508,d90080ea-062b-4b92-89e7-b6dcb2c70a8c,0.26,false,false,near_mint,en,USD,2026-09-08T19:57:10.769Z
Reconnaissance,ACR,Assassin's Creed,82,normal,uncommon,4,95530,f203ce7d-a079-44b8-bfda-4c63ec79b82d,4.7,false,false,near_mint,en,USD,2026-09-08T19:57:10.770Z
The Emperor of Palamecia // The Lord Master of Hell,FIN,Final Fantasy,219,normal,uncommon,2,105596,3d75e8fd-6139-4b10-9ce3-195b47d72e0c,0.28,false,false,near_mint,en,USD,2026-09-08T19:57:10.771Z
Sazh Katzroy,FIN,Final Fantasy,199,normal,rare,1,106328,1e2a3566-1390-457e-8077-d776a8671319,0.64,false,false,near_mint,en,USD,2026-09-08T19:57:10.772Z
"Tam, Observant Sequencer // Deep Sight",SOS,Secrets of Strixhaven,237,normal,uncommon,1,111713,7120e71b-2976-451b-89a7-a1665dc6fb6b,0.25,false,false,near_mint,en,USD,2026-09-08T19:57:10.774Z
Angel's Grace,SOA,Secrets of Strixhaven Mystical Archive,2,normal,rare,1,112701,de0f22af-fb85-4178-8a35-ec3ff031f4df,3.18,false,false,near_mint,en,USD,2026-09-08T19:57:10.775Z
"Lluwen, Exchange Student // Pest Friend",SOS,Secrets of Strixhaven,199,normal,uncommon,1,111729,a0bcb638-c3c8-4973-9537-5c471f43f34f,0.22,false,false,near_mint,en,USD,2026-09-08T19:57:10.776Z
Dark Confidant,FIN,Final Fantasy,334,normal,mythic,1,105593,378df0f4-5043-461f-8705-9a2c0c3acd43,10.94,false,false,near_mint,en,USD,2026-09-08T19:57:10.777Z
"Kirol, History Buff // Pack a Punch",SOS,Secrets of Strixhaven,198,normal,uncommon,2,111709,676ba521-66e4-42cf-a315-70d03cb7334e,0.16,false,false,near_mint,en,USD,2026-09-08T19:57:10.765Z
Ultima,FIN,Final Fantasy,38,normal,rare,2,106536,39504a0e-f63f-4907-afd7-c4492f6b8a3b,0.41,false,false,near_mint,en,USD,2026-09-08T20:04:31.521Z
Zaffai and the Tempests,SOS,Secrets of Strixhaven,246,normal,rare,1,112236,5bdbf507-6fd7-49f6-b437-8f2ce2d0eb0f,0.23,false,false,near_mint,en,USD,2026-09-08T20:04:31.522Z
Y'shtola Rhul,FIN,Final Fantasy,86,normal,mythic,1,105694,aef218fa-13a4-4653-95d6-6b3ef1b33a92,6.07,false,false,near_mint,en,USD,2026-09-08T20:04:31.523Z
"Aziza, Mage Tower Captain",SOS,Secrets of Strixhaven,174,normal,rare,1,112354,6261e89a-dbf1-481a-823e-6bb00be57195,0.21,false,false,near_mint,en,USD,2026-09-08T20:04:31.524Z
"Fang, Fearless l'Cie",FIN,Final Fantasy,99,normal,uncommon,1,105759,f73a5cbb-905f-4b99-8d23-9d1b6bd47ee8,0.26,false,false,near_mint,en,USD,2026-09-08T20:04:31.525Z
"Ultimecia, Time Sorceress // Ultimecia, Omnipotent",FIN,Final Fantasy,247,normal,uncommon,1,105581,2d6a2b68-5407-464e-a335-7866fd969c30,0.25,false,false,near_mint,en,USD,2026-09-08T20:04:31.526Z
"Torgal, A Fine Hound",FIN,Final Fantasy,208,normal,uncommon,1,106422,0f5725aa-42bb-4dfd-9c15-135b38b33da3,0.34,false,false,near_mint,en,USD,2026-09-08T20:04:31.527Z
"Sanar, Unfinished Genius // Wild Idea",SOS,Secrets of Strixhaven,223,normal,uncommon,1,111685,173157aa-712d-44f2-89ba-dd2511a07f26,0.25,false,false,near_mint,en,USD,2026-09-08T20:04:31.528Z
"Ovika, Enigma Goliath",FDN,Foundations,663,normal,rare,1,100521,54819d7a-eec6-49e6-a0bb-d9d07d42b4a6,0.18,false,false,near_mint,en,USD,2026-09-08T20:04:31.529Z
"Zodiark, Umbral God",FIN,Final Fantasy,128,normal,rare,1,105676,9ba292d5-5139-42ea-950d-0a638445277f,0.75,false,false,near_mint,en,USD,2026-09-08T20:04:31.530Z
"Nashi, Searcher in the Dark",DSK,Duskmourn: House of Horror,223,normal,rare,1,98775,0fbf9e1e-43f2-499e-844d-22fc10dbad06,0.29,false,false,near_mint,en,USD,2026-09-08T20:04:31.531Z
"Nashi, Moon Sage's Scion",OTC,Outlaws of Thunder Junction Commander,143,normal,mythic,1,93519,1e62de3b-6a41-43e3-93ad-9a1e3894be3b,3.57,false,false,near_mint,en,USD,2026-09-08T20:04:31.532Z
"War Machine, Legacy of Iron",MSH,Marvel Super Heroes,238,normal,uncommon,1,113663,433a7d97-9c0b-4f5c-85ad-b55342c02d22,0.2,false,false,near_mint,en,USD,2026-09-08T20:08:10.370Z
"Quake, Agent of S.H.I.E.L.D.",MSH,Marvel Super Heroes,32,normal,uncommon,1,113419,92dad216-ef8e-4af2-a3c6-1d215721c478,0.18,false,false,near_mint,en,USD,2026-09-08T20:08:10.371Z
"Ronin, Shadow Stalker",MSH,Marvel Super Heroes,112,normal,uncommon,1,113394,f74b9794-946e-4ddc-93b2-5a321fc51fd0,0.16,false,false,near_mint,en,USD,2026-09-08T20:08:10.372Z
"Doc Samson, Super Psychiatrist",MSH,Marvel Super Heroes,164,normal,uncommon,1,113329,19dc5fcc-d05d-41a0-84c5-2dec996f3e4f,0.22,false,false,near_mint,en,USD,2026-09-08T20:08:10.373Z
"Red Guardian, Super-Soldier",MSH,Marvel Super Heroes,34,normal,uncommon,1,113962,c08f8163-319a-4a31-b15a-93974cacd5b7,0.23,false,false,near_mint,en,USD,2026-09-08T20:08:10.374Z
"Night Nurse, Healer of Heroes",MSH,Marvel Super Heroes,26,normal,uncommon,1,113612,3199907b-9f24-4554-942a-8ab5a7701717,0.2,false,false,near_mint,en,USD,2026-09-08T20:08:10.375Z
"Dion, Bahamut's Dominant // Bahamut, Warden of Light",FIN,Final Fantasy,16,normal,rare,2,106590,8c0f9306-2058-476d-a711-bd37a6e15e42,0.84,false,false,near_mint,en,USD,2026-09-08T20:11:15.792Z
"Nita, Forum Conciliator",SOS,Secrets of Strixhaven,206,normal,rare,1,112540,fd80a87d-35d3-4ad1-8172-c85e93032d1d,0.18,false,false,near_mint,en,USD,2026-09-08T20:11:15.793Z
Inkshape Demonstrator,SOS,Secrets of Strixhaven,21,normal,uncommon,1,112505,bcfac992-9984-4529-b9ff-a42d58832b34,0.14,false,false,near_mint,en,USD,2026-09-08T20:11:15.794Z
Group Project,SOS,Secrets of Strixhaven,17,normal,uncommon,1,112305,e8abc1eb-6225-4b18-8502-b5324b818aed,0.2,false,false,near_mint,en,USD,2026-09-08T20:11:15.795Z
Rapier Wit,SOS,Secrets of Strixhaven,28,normal,common,3,112482,97b50521-5a0f-4dbd-8e15-f0f0d059c258,0.17,false,false,near_mint,en,USD,2026-09-08T20:11:15.796Z
Stirring Hopesinger,SOS,Secrets of Strixhaven,35,normal,rare,2,112425,21375667-b318-47f8-a482-9c8c2b5b14c0,0.36,false,false,near_mint,en,USD,2026-09-08T20:11:15.797Z
Cathar Commando,INR,Innistrad Remastered,15,normal,common,2,102628,7cd21530-ca72-4986-a0f2-142b9f23c413,0.23,false,false,near_mint,en,USD,2026-09-09T15:50:10.803Z
Spirited Companion,BLC,Bloomburrow Commander,155,normal,common,1,96423,ada3dc9c-2f83-4f52-8776-ef23d45cc4eb,0.37,false,false,near_mint,en,USD,2026-09-09T15:50:10.807Z
Knight of the New Coalition,MOM,March of the Machine,25,normal,common,1,81361,56a3108b-c33d-47c5-984b-01fa257fbd79,0.2,false,false,near_mint,en,USD,2026-09-09T15:50:10.808Z
Phoenix Down,FIN,Final Fantasy,29,normal,uncommon,1,105961,62e299b0-9ef6-49d3-aa79-384325fed89e,0.15,false,false,near_mint,en,USD,2026-09-09T15:50:10.812Z
Summon: Primal Garuda,FIN,Final Fantasy,37,normal,uncommon,1,106370,e44497a8-067e-454e-a9c0-684f03df55ff,0.25,false,false,near_mint,en,USD,2026-09-09T15:50:10.813Z
Paladin's Arms,FIN,Final Fantasy,28,normal,common,1,106338,446506c5-5e1d-4b42-aef3-ea247d7881ef,0.14,false,false,near_mint,en,USD,2026-09-09T15:50:10.814Z
Requisition Raid,OTJ,Outlaws of Thunder Junction,26,normal,uncommon,1,93053,154e9ba9-0d0e-4b0e-acf2-f66a993cf3a2,0.36,false,false,near_mint,en,USD,2026-09-09T15:50:10.818Z
Kithkin Billyrider,MOM,March of the Machine,24,normal,common,2,81296,0535b69f-247d-49c9-97e1-d988700578ab,0.14,false,false,near_mint,en,USD,2026-09-09T15:50:10.823Z
Sheriff of Safe Passage,OTJ,Outlaws of Thunder Junction,29,normal,uncommon,1,93336,c38a845d-f25d-45ab-9154-3fa5291b0ba0,0.22,false,false,near_mint,en,USD,2026-09-09T15:50:10.826Z
Emerge from the Cocoon,DSK,Duskmourn: House of Horror,5,normal,common,3,98813,3ba16fbf-2d44-4337-87cb-6ff6b84a258a,0.14,false,false,near_mint,en,USD,2026-09-09T15:50:10.827Z
Skyhunter Patrol,DDG,Duel Decks: Knights vs. Dragons,19,normal,common,1,19957,675bfd45-4b73-451c-b1d9-2fe46b5dd5aa,0.19,false,false,near_mint,en,USD,2026-09-09T15:50:10.828Z
Unwanted Remake,DSK,Duskmourn: House of Horror,39,normal,uncommon,1,98644,7b54447f-1daf-4352-b5c3-3c0ec8b8f4d0,0.29,false,false,near_mint,en,USD,2026-09-09T15:50:10.829Z
Westfold Rider,LTR,The Lord of the Rings: Tales of Middle-earth,37,normal,common,2,83187,71ed2e4b-c732-472a-a589-f1f53086d9ee,0.26,false,false,near_mint,en,USD,2026-09-09T15:50:10.830Z
Tale of Tinúviel,LTR,The Lord of the Rings: Tales of Middle-earth,34,normal,uncommon,1,83330,9ae65f96-7bfd-4390-88bf-764c26bf4668,0.29,false,false,near_mint,en,USD,2026-09-09T15:50:10.831Z
Light of Hope,IKO,Ikoria: Lair of Behemoths,20,normal,common,1,50057,bcb00599-e082-49b0-88f3-ef91b75595e4,0.26,false,false,near_mint,en,USD,2026-09-09T15:50:10.832Z
Goliath Paladin,CLB,Commander Legends: Battle for Baldur's Gate,21,normal,common,1,69211,ab8324aa-f356-42bc-9664-46803bc8a93b,0.23,false,false,near_mint,en,USD,2026-09-09T15:50:10.834Z
Shrike Force,BLB,Bloomburrow,31,normal,uncommon,1,95763,306fec2c-d8b7-4f4b-8f58-10e3b9f3158f,0.32,false,false,near_mint,en,USD,2026-09-09T15:50:10.837Z
Dawnstrike Paladin,DDL,Duel Decks: Heroes vs. Monsters,14,normal,common,1,15751,549ca818-f7bf-47a8-9005-18ddabd3c360,0.15,false,false,near_mint,en,USD,2026-09-09T15:50:10.838Z
Tiller of Flesh,MOM,March of the Machine,44,normal,uncommon,1,81070,49e206f2-1647-4456-8f2f-b67d053413e2,0.27,false,false,near_mint,en,USD,2026-09-09T15:50:10.839Z
Contraband Livestock,CLB,Commander Legends: Battle for Baldur's Gate,12,normal,uncommon,1,69319,d59299b0-91d9-4131-b8d9-614088e1ccaf,0.33,false,false,near_mint,en,USD,2026-09-09T15:50:10.841Z
Lionheart Maverick,DDG,Duel Decks: Knights vs. Dragons,3,normal,common,2,19973,0a818fdf-2cbc-451a-9893-36da510d63e4,0.12,false,false,near_mint,en,USD,2026-09-09T15:50:10.843Z
Slip On the Ring,LTR,The Lord of the Rings: Tales of Middle-earth,31,normal,common,1,82961,2e20c2b8-ffe3-4d14-8588-f89719358e3d,0.22,false,false,near_mint,en,USD,2026-09-09T15:50:10.844Z
Against All Odds,ONE,Phyrexia: All Will Be One,1,normal,uncommon,2,78512,3cd8dd4e-6892-49d7-8fae-97d04f9f6c84,0.29,false,false,near_mint,en,USD,2026-09-09T15:50:10.846Z
Helpful Hunter,FDN,Foundations,16,normal,common,1,97172,1b9a0e91-80b5-428f-8f08-931d0631be14,0.27,false,false,near_mint,en,USD,2026-09-09T15:50:10.847Z
Wall of Omens,FCA,Final Fantasy: Through the Ages,27,normal,uncommon,1,105693,ae94ab2a-5a6b-4358-ad7f-bdc9a98a9ac0,0.28,false,false,near_mint,en,USD,2026-09-09T15:50:10.849Z
Getaway Glamer,OTJ,Outlaws of Thunder Junction,14,normal,uncommon,1,93199,69689049-a704-4f16-84ee-4d5d915028ec,0.32,false,false,near_mint,en,USD,2026-09-09T15:50:10.850Z
Unwanted Remake,DSK,Duskmourn: House of Horror,306,normal,uncommon,1,98664,be897dda-8603-4264-a022-87870f635b40,0.31,false,false,near_mint,en,USD,2026-09-09T15:50:10.851Z
You're Not Alone,FIN,Final Fantasy,44,normal,common,1,106327,1867b5cb-2bb0-4f49-b302-036fdffa2344,0.17,false,false,near_mint,en,USD,2026-09-09T15:50:10.852Z
Hop to It,SOA,Secrets of Strixhaven Mystical Archive,6,normal,uncommon,1,112422,16fabbbf-e35b-468c-9aea-09aa6a388dee,0.25,false,false,near_mint,en,USD,2026-09-09T15:50:10.854Z
Crystal Fragments // Summon: Alexander,FIN,Final Fantasy,357,normal,uncommon,1,106449,c2416ecc-bb6b-44f6-8fa6-61d168777f2e,0.5,false,false,near_mint,en,USD,2026-09-09T15:50:10.855Z
Requisition Raid,SOA,Secrets of Strixhaven Mystical Archive,10,normal,uncommon,1,112457,6d9efae9-365d-46c8-be92-d4a3038f0414,0.39,false,false,near_mint,en,USD,2026-09-09T15:50:10.856Z
"Sally Pride, Lioness Leader",TMT,Teenage Mutant Ninja Turtles,24,normal,rare,2,110948,bcd8ee6b-7142-4548-8b7a-691a36411851,0.37,false,false,near_mint,en,USD,2026-09-09T15:50:10.858Z
Recruitment Drive,CLB,Commander Legends: Battle for Baldur's Gate,38,normal,common,1,69224,afbd2822-d161-41df-9f48-abecd5da19c4,0.27,false,false,near_mint,en,USD,2026-09-09T15:50:10.859Z
Conclave Phalanx,MM2,Modern Masters 2015,12,normal,common,1,11205,04435b25-1a44-493f-810e-23d260f363a6,0.08,false,false,near_mint,en,USD,2026-09-09T15:50:10.861Z
Alabaster Host Intercessor,MOM,March of the Machine,3,normal,common,1,81312,165357cc-ec74-490f-aec3-7048bb43c8f9,0.19,false,false,near_mint,en,USD,2026-09-09T15:50:10.862Z
On the Job,MKM,Murders at Karlov Manor,292,normal,common,1,90960,70a5571e-02cb-4aa4-926d-d04f5ab04f29,0.08,false,false,near_mint,en,USD,2026-09-09T15:50:10.863Z
Otherworldly Journey,MM2,Modern Masters 2015,30,normal,common,1,11187,5cd220e4-2e2a-437e-aa4e-1007247c8e4d,0.29,false,false,near_mint,en,USD,2026-09-09T15:50:10.867Z
Congregate,DMR,Dominaria Remastered,4,normal,uncommon,1,78018,89396f5e-5bc3-4c8a-976b-2cb2946eb35d,0.2,false,false,near_mint,en,USD,2026-09-09T15:50:10.868Z
Slaughter the Strong,CLB,Commander Legends: Battle for Baldur's Gate,43,normal,uncommon,1,69084,6c9f8aea-0c9a-4686-b551-35e2a72ef701,0.28,false,false,near_mint,en,USD,2026-09-09T15:50:10.871Z
Water Tribe Rallier,TLA,Avatar: The Last Airbender,42,normal,uncommon,2,109430,4e744b6c-1c2f-451a-818a-5ee7785b5213,0.21,false,false,near_mint,en,USD,2026-09-09T15:50:10.873Z
Rally the Monastery,TDM,Tarkir: Dragonstorm,19,normal,uncommon,1,104136,b56e0037-8143-4c13-83e1-0c3f44e685ea,0.24,false,false,near_mint,en,USD,2026-09-09T15:50:10.874Z
Collector's Cage,BIG,The Big Score,1,normal,mythic,1,93779,a33703bb-51c0-4d57-9d06-1148507ddc4f,1.17,false,false,near_mint,en,USD,2026-09-09T15:50:10.876Z
"Suki, Courageous Rescuer",TLA,Avatar: The Last Airbender,37,normal,rare,1,109410,33b97433-e16c-422e-a0ca-f6b1e98d8681,0.24,false,false,near_mint,en,USD,2026-09-09T15:50:10.877Z
Firemane Commando,SOC,Secrets of Strixhaven Commander,145,normal,rare,1,112118,c86269cc-bf4d-44b4-ad4b-8356857c532f,1.01,false,false,near_mint,en,USD,2026-09-09T15:50:10.878Z
White Sun's Zenith,ONC,Phyrexia: All Will Be One Commander,90,normal,rare,1,78899,df11cf8d-ca63-4c3e-a567-b6a403a81aa7,1.36,false,false,near_mint,en,USD,2026-09-09T15:50:10.879Z
Hour of Reckoning,TDC,Tarkir: Dragonstorm Commander,120,normal,rare,3,104463,14d60131-8715-477d-8a67-5f1f99a906a8,0.31,false,false,near_mint,en,USD,2026-09-09T15:50:10.880Z
Invasion of Belenon // Belenon War Anthem,MOM,March of the Machine,20,normal,uncommon,1,81076,4fb0eb2d-9cb7-4e72-a970-5009b046df2a,0.23,false,false,near_mint,en,USD,2026-09-09T15:50:10.881Z
Helping Hand,SOA,Secrets of Strixhaven Mystical Archive,5,normal,uncommon,2,112526,da5e29a8-a8fb-452b-9973-61ad613f9907,0.25,false,false,near_mint,en,USD,2026-09-09T15:50:10.805Z
Zhalfirin Lancer,MOM,March of the Machine,45,normal,uncommon,2,81031,277e5b49-c53f-4bf7-aac0-950d8708b957,0.12,false,false,near_mint,en,USD,2026-09-09T15:50:10.810Z
Guarded Heir,FDN,Foundations,14,normal,uncommon,2,100505,525ba5c7-3ce5-4e52-b8b5-96c9040a6738,0.12,false,false,near_mint,en,USD,2026-09-09T15:50:10.811Z
Make Your Move,FDN,Foundations,143,normal,common,3,101546,7368f861-3288-4645-90a7-ca35d6da3721,0.1,false,false,near_mint,en,USD,2026-09-09T15:50:10.816Z
Safe Passage,M13,Magic 2013,30,normal,common,3,17793,9fc65c3f-ad29-4368-bf45-8345a7ec6f31,0.18,false,false,near_mint,en,USD,2026-09-09T15:50:10.822Z
Duty Beyond Death,TDM,Tarkir: Dragonstorm,10,normal,uncommon,2,104265,2e92640d-768b-4357-905f-bea017d351cc,0.34,false,false,near_mint,en,USD,2026-09-09T15:50:10.857Z
Inspiring Overseer,FDN,Foundations,496,normal,common,2,101588,c3e9aa54-e5d5-4cbb-9d2a-263b9eba398f,0.13,false,false,near_mint,en,USD,2026-09-09T15:50:10.860Z
Dazzling Angel,FDN,Foundations,9,normal,common,4,101468,027dc444-e544-4693-8653-3dcdda530162,0.27,false,false,near_mint,en,USD,2026-09-09T15:50:10.866Z
Jazal Goldmane,FDN,Foundations,497,normal,rare,1,97178,5aa8f635-c638-4207-8631-f6b5185f8696,0.29,false,false,near_mint,en,USD,2026-09-09T15:53:41.536Z
Mace of the Valiant,CMM,Commander Masters,41,normal,uncommon,2,84581,88a08aff-3a50-4f2e-97a1-f1d79d5c4ade,0.23,false,false,near_mint,en,USD,2026-09-09T15:53:41.537Z
Generous Gift,BLC,Bloomburrow Commander,106,normal,uncommon,2,96518,ee0e17cb-a729-4be9-9fe3-e71ba45f0a6e,1.79,false,false,near_mint,en,USD,2026-09-09T15:53:41.538Z
"Daxos, Blessed by the Sun",MUL,Multiverse Legends,2,normal,uncommon,1,81631,42496543-db8c-4053-aaf5-8e96948bafb9,0.35,false,false,near_mint,en,USD,2026-09-09T15:53:41.540Z
Archangel Elspeth,MOM,March of the Machine,320,normal,mythic,1,81156,93f99e67-901f-4c8d-8a09-e443b7eb928f,4.26,false,false,near_mint,en,USD,2026-09-09T15:53:41.541Z
War of the Last Alliance,LTR,The Lord of the Rings: Tales of Middle-earth,36,normal,rare,1,83120,60ddf2cd-5b33-4c8a-a610-8e6a15404dde,1.69,false,false,near_mint,en,USD,2026-09-09T15:53:41.542Z
Murmuration,BLC,Bloomburrow Commander,10,normal,rare,1,96290,561c9c4e-942e-40e8-b5f2-ac709a502f18,0.38,false,false,near_mint,en,USD,2026-09-09T15:53:41.543Z
Luminous Broodmoth,BLC,Bloomburrow Commander,144,normal,mythic,2,96460,c5a4b212-bc60-4a58-b5f6-4012a3158785,0.98,false,false,near_mint,en,USD,2026-09-09T15:53:41.544Z
Exemplar of Light,FDN,Foundations,11,normal,rare,1,100832,920c8fc5-fdd2-446a-a676-5c363f96928f,1.63,false,false,near_mint,en,USD,2026-09-09T15:53:41.545Z
"Gwaihir, Greatest of the Eagles",LTC,Tales of Middle-earth Commander,15,normal,rare,1,83339,9c17c3bb-aa20-43b0-8a28-b46a18b060ef,0.39,false,false,near_mint,en,USD,2026-09-09T15:53:41.546Z
Angel of the Ruins,EOC,Edge of Eternities Commander,63,normal,rare,1,107266,4ad8d899-5901-4fc8-b4f0-adcc0d97fc6e,0.19,false,false,near_mint,en,USD,2026-09-09T15:53:41.547Z
Clarion Conqueror,TDM,Tarkir: Dragonstorm,377,normal,rare,1,104894,b3aecdfc-9d37-4f1f-9123-fc07b669d747,2.6,false,false,near_mint,en,USD,2026-09-09T15:53:41.548Z
Reprieve,LTR,The Lord of the Rings: Tales of Middle-earth,26,normal,uncommon,1,82902,1bd3fa8a-6c50-4f7f-9ae3-0810eec5e3db,2.27,false,false,near_mint,en,USD,2026-09-09T15:53:41.550Z
Path to Exile,BLC,Bloomburrow Commander,147,normal,uncommon,3,96413,a5b070f2-f2f2-4ccd-9a4b-d19ea01b2298,1.74,false,false,near_mint,en,USD,2026-09-09T15:53:41.551Z
Cut a Deal,CLB,Commander Legends: Battle for Baldur's Gate,14,normal,uncommon,1,68848,0d846a4d-da81-41e0-89a9-6685c821dbb4,0.39,false,false,near_mint,en,USD,2026-09-09T15:53:41.552Z
Welcoming Vampire,TDC,Tarkir: Dragonstorm Commander,140,normal,rare,1,104545,35a69bb5-b8e6-4558-9563-10c7a3662f93,3.45,false,false,near_mint,en,USD,2026-09-09T15:53:41.555Z
"Elesh Norn, Mother of Machines",ONE,Phyrexia: All Will Be One,10,normal,mythic,1,78223,44dcab01-1d13-4dfc-ae2f-fbaa3dd35087,24.17,false,false,near_mint,en,USD,2026-09-09T15:53:41.556Z
"Beza, the Bounding Spring",BLB,Bloomburrow,2,normal,mythic,1,95862,fc310a26-b6a0-4e42-98ab-bdfd7b06cb63,4.26,false,false,near_mint,en,USD,2026-09-09T15:53:41.557Z
Jackdaw Savior,BLB,Bloomburrow,18,normal,rare,1,96000,121af600-6143-450a-9f87-12ce4833f1ec,0.52,false,false,near_mint,en,USD,2026-09-09T15:53:41.558Z
Dusk Legion Duelist,MOM,March of the Machine,11,normal,rare,1,81113,7305a8d3-5403-4483-92af-863dc91c6084,2.54,false,false,near_mint,en,USD,2026-09-09T15:53:41.559Z
On Wings of Gold,DRC,Aetherdrift Commander,5,normal,rare,1,103288,d5e247d3-8542-4e6c-b256-5ae216eeceb0,0.69,false,false,near_mint,en,USD,2026-09-09T15:53:41.560Z
Tempest Hawk,TDM,Tarkir: Dragonstorm,31,normal,common,3,104587,422f9453-ab12-4e3c-8c51-be87391395a1,0.95,false,false,near_mint,en,USD,2026-09-09T15:53:41.561Z
Shire Shirriff,LTR,The Lord of the Rings: Tales of Middle-earth,441,normal,uncommon,2,82861,11b50fec-28e0-4eaf-9184-73cc7234577f,0.13,false,false,near_mint,en,USD,2026-09-09T15:53:41.553Z
Hare Apparent,FDN,Foundations,15,normal,common,3,100907,9fc6f0e9-eb5f-4bc0-b3d7-756644b66d12,3.03,false,false,near_mint,en,USD,2026-09-09T15:54:07.282Z
Argivian Find,WTH,Weatherlight,6,normal,uncommon,1,37291,89f23295-ad0a-4e2d-ae04-1a9c065e575d,1.24,false,false,near_mint,en,USD,2026-09-09T15:54:07.283Z
Summon: Knights of Round,FIN,Final Fantasy,36,normal,mythic,1,106339,44d23652-077e-4c1f-b640-b284685db911,13.68,false,false,near_mint,en,USD,2026-09-09T15:58:07.170Z
Thalia's Lancers,EMN,Eldritch Moon,47,normal,rare,2,8289,9930d08d-5965-4c16-a84d-43c8ccf2ad0b,0.45,false,false,near_mint,en,USD,2026-09-09T15:58:07.171Z
Stoneskin,CLB,Commander Legends: Battle for Baldur's Gate,45,normal,uncommon,1,68873,16b9fdaa-9da9-48ff-b271-e6a41aabf073,1.42,false,false,near_mint,en,USD,2026-09-09T15:58:07.172Z
Disenchant,TSB,Time Spiral Timeshifted,6,normal,special,1,27015,b7be41f0-7391-49dd-b63c-2e8db9430f07,1.08,false,false,near_mint,en,USD,2026-09-09T15:58:07.173Z
Red Ward,4ED,Fourth Edition,44,normal,uncommon,1,40143,543e8ec0-f36a-46a6-b7b1-e983e90a091a,0.16,false,false,near_mint,en,USD,2026-09-09T15:58:07.174Z
Skyseer's Chariot,DFT,Aetherdrift,28,normal,rare,1,103581,96ed5b66-8e74-4a90-ad4e-c39d15993994,0.19,false,false,near_mint,en,USD,2026-09-09T15:58:07.175Z
Essence of Orthodoxy,MOM,March of the Machine,323,normal,rare,1,81092,604233dc-0520-47d0-8d3d-816f45c9f087,0.4,false,false,near_mint,en,USD,2026-09-09T15:58:07.176Z
Valley Questcaller,BLB,Bloomburrow,36,normal,rare,1,95826,ba629ca8-a368-4282-8a61-9bf6a5c217f0,0.7,false,false,near_mint,en,USD,2026-09-09T15:58:07.177Z
Karma,4ED,Fourth Edition,32,normal,uncommon,1,40155,2acd8dd7-f561-487f-abae-4ad910db9d27,0.28,false,false,near_mint,en,USD,2026-09-09T15:58:07.178Z
Terra Eternal,WWK,Worldwake,22,normal,rare,1,22169,9bad0759-4132-42b5-9a26-0fcf321a60e0,9.37,false,false,near_mint,en,USD,2026-09-09T15:58:07.180Z
"Arahbo, the First Fang",FDN,Foundations,2,normal,rare,1,100503,524a5d93-26ed-436d-a437-dc9460acce98,1.25,false,false,near_mint,en,USD,2026-09-09T15:58:07.181Z
"Kemba, Kha Enduring",ONE,Phyrexia: All Will Be One,19,normal,rare,1,78704,945d283d-4592-485f-808a-6e5a721f3cf7,0.33,false,false,near_mint,en,USD,2026-09-09T15:58:07.182Z
Urza's Ruinous Blast,DOM,Dominaria,39,normal,rare,1,2237,57b50a96-6221-44f0-b54a-76076621047e,1.97,false,false,near_mint,en,USD,2026-09-09T15:58:07.183Z
Perilous Snare,DFT,Aetherdrift,23,normal,rare,1,103020,47f7e468-2196-4960-a612-37ab326e2a17,0.34,false,false,near_mint,en,USD,2026-09-09T15:58:07.185Z
Harmonious Archon,ONC,Phyrexia: All Will Be One Commander,74,normal,mythic,1,78447,21a2bac8-451f-4af8-a82d-aeae5e28a8be,0.27,false,false,near_mint,en,USD,2026-09-09T15:58:07.186Z
Valkyrie's Call,FDN,Foundations,27,normal,mythic,1,100158,0e1f1ff2-fa8f-4d38-b631-2d6e08e614c8,1.18,false,false,near_mint,en,USD,2026-09-09T15:58:07.187Z
Raise the Past,FDN,Foundations,22,normal,rare,1,100641,6c6be129-56da-4fe7-a6bd-6a1d402c09e1,0.57,false,false,near_mint,en,USD,2026-09-09T15:58:07.188Z
"Saradoc, Master of Buckland",LTR,The Lord of the Rings: Tales of Middle-earth,282,normal,rare,1,83372,a65a1fb5-cc2c-4556-b109-05c3d966ded9,0.38,false,false,near_mint,en,USD,2026-09-09T15:58:07.190Z
Voice of Victory,TDM,Tarkir: Dragonstorm,33,normal,rare,1,104377,ec3de5f4-bb55-4ab9-995f-f3e0dc22c1bb,18.99,false,false,near_mint,en,USD,2026-09-09T15:58:07.192Z
Loyal Warhound,BLC,Bloomburrow Commander,107,normal,rare,1,96191,1d01ce54-3f64-465e-835a-27c55753926b,0.48,false,false,near_mint,en,USD,2026-09-09T15:58:07.193Z
Sun Titan,SOC,Secrets of Strixhaven Commander,178,normal,mythic,1,111904,3d6eacf2-f6c7-4ede-b5a5-7463602699ae,0.33,false,false,near_mint,en,USD,2026-09-09T15:58:07.194Z
Selfless Spirit,SOC,Secrets of Strixhaven Commander,167,normal,rare,2,112050,9cd16dac-3bf9-4a71-a906-0cfbf98cdca5,0.71,false,false,near_mint,en,USD,2026-09-09T15:58:07.195Z
"Elspeth, Sun's Champion",BLC,Bloomburrow Commander,97,normal,mythic,1,96333,6f816d97-10f0-4d92-aa21-254754530554,2.19,false,false,near_mint,en,USD,2026-09-09T15:58:07.196Z
The Battle of Bywater,LTR,The Lord of the Rings: Tales of Middle-earth,2,normal,rare,1,83335,9bae7a4d-9117-43c5-a048-80a0ddadc034,3.56,false,false,near_mint,en,USD,2026-09-09T15:58:07.197Z
Dust Animus,OTJ,Outlaws of Thunder Junction,9,normal,rare,1,93211,70719e7b-6f02-4c1a-9f11-79b2b0d9846a,0.24,false,false,near_mint,en,USD,2026-09-09T15:58:07.198Z
Release to Memory,NEC,Neon Dynasty Commander,9,normal,rare,1,66950,b45c4bbf-2c61-4d49-96c8-34a0fb0d6d02,0.55,false,false,near_mint,en,USD,2026-09-09T15:58:07.200Z
"Sram, Senior Edificer",MUL,Multiverse Legends,6,normal,rare,1,81449,cb7eb35d-2684-40f7-b678-0d9a180c955a,2.46,false,false,near_mint,en,USD,2026-09-09T15:58:07.202Z
Another Round,OTJ,Outlaws of Thunder Junction,1,normal,rare,1,93156,4f8dc511-e307-4412-bb79-375a6077312d,0.37,false,false,near_mint,en,USD,2026-09-09T15:58:07.203Z
Kinbinding,ECL,Lorwyn Eclipsed,20,normal,rare,1,110398,b6e35fd5-de7e-40a8-a23c-00d07fd1ac56,0.33,false,false,near_mint,en,USD,2026-09-09T15:58:07.204Z
Practiced Offense,SOS,Secrets of Strixhaven,25,normal,rare,1,112293,79c7cf94-c0a1-432d-90d7-7f0599c2e7a8,1.78,false,false,near_mint,en,USD,2026-09-09T15:58:07.205Z
Celestial Armor,FDN,Foundations,5,normal,rare,1,100742,809ee8ad-1573-49e5-9e84-b7cdd29efcae,0.74,false,false,near_mint,en,USD,2026-09-09T15:58:07.206Z
Joined Researchers // Secret Rendezvous,SOS,Secrets of Strixhaven,23,normal,rare,1,111690,1ebaafe0-3a9a-424c-8698-d26e7be45343,0.35,false,false,near_mint,en,USD,2026-09-09T15:58:07.207Z
Martial Coup,BLC,Bloomburrow Commander,146,normal,rare,1,96479,d8e79f95-6733-476e-9bff-408e90f151c0,0.3,false,false,near_mint,en,USD,2026-09-09T15:58:07.208Z
Search for Glory,KHM,Kaldheim,27,normal,rare,2,57054,b65c215d-562d-4c7c-bc9f-b1d741050158,0.7,false,false,near_mint,en,USD,2026-09-09T15:58:07.201Z
Emeria Angel,TDC,Tarkir: Dragonstorm Commander,114,normal,rare,1,104497,2406ab7c-c6be-421a-a92c-048441a01acd,0.3,false,false,near_mint,en,USD,2026-09-09T15:58:53.452Z
Turtles Forever,TMT,Teenage Mutant Ninja Turtles,27,normal,rare,2,109306,f0db974a-3289-4727-9aaf-e9cca9113c87,0.36,false,false,near_mint,en,USD,2026-09-09T15:58:53.453Z
"Skrelv, Defector Mite",ONE,Phyrexia: All Will Be One,33,normal,rare,1,78579,60b565da-a49b-479c-b0c4-8ff3dd20cc0b,4.24,false,false,near_mint,en,USD,2026-09-09T15:58:53.454Z
Voyager Glidecar,DFT,Aetherdrift,36,normal,rare,1,102922,13eb445a-dd41-4760-8299-9ba5d6de6aaf,0.3,false,false,near_mint,en,USD,2026-09-09T15:58:53.455Z
Reprieve,SOA,Secrets of Strixhaven Mystical Archive,9,normal,rare,2,111793,426038f3-f21e-43a5-bea8-0cfd8658c009,2.16,false,false,near_mint,en,USD,2026-09-09T15:58:53.456Z
Rout,C21,Commander 2021,101,normal,rare,1,58514,15ce585a-67fc-4e7a-92ff-a27292179dfa,0.4,false,false,near_mint,en,USD,2026-09-09T15:58:53.457Z
White Plume Adventurer,CLB,Commander Legends: Battle for Baldur's Gate,49,normal,rare,1,69233,b256ddc8-8b12-434c-a610-1a872e948f2f,2.62,false,false,near_mint,en,USD,2026-09-09T15:58:53.458Z
Case of the Uneaten Feast,MKM,Murders at Karlov Manor,10,normal,rare,2,91118,ac63941b-3f78-4bd3-8b05-ca12aaaa006c,0.39,false,false,near_mint,en,USD,2026-09-09T15:58:53.459Z
Horn of Valhalla // Ysgard's Call,CLB,Commander Legends: Battle for Baldur's Gate,26,normal,rare,1,69232,b2419408-e907-4d62-b158-c97afc388c04,0.88,false,false,near_mint,en,USD,2026-09-09T16:03:32.580Z
Jacked Rabbit,BLC,Bloomburrow Commander,9,normal,rare,1,96226,2c695df6-6bf2-4e6b-8500-e3116137ca27,4.17,false,false,near_mint,en,USD,2026-09-09T16:03:32.581Z
Catastrophe,USG,Urza's Saga,6,normal,rare,1,35962,294d21dc-5c76-4449-936f-9b7541d37c86,3.66,false,false,near_mint,en,USD,2026-09-09T16:03:32.582Z
Storm of Souls,BLC,Bloomburrow Commander,156,normal,rare,1,96322,675b26d6-8cfc-4c46-b396-7af8978f8caa,0.2,false,false,near_mint,en,USD,2026-09-09T16:03:32.583Z
Extraction Specialist,SNC,Streets of New Capenna,12,normal,rare,1,67957,b404d6c7-0b65-4c6a-b141-9dffbeb120db,0.33,false,false,near_mint,en,USD,2026-09-09T16:03:32.584Z
Skyknight Squire,FDN,Foundations,23,normal,rare,1,101396,fcfe4e62-c153-47b8-8e09-cedaf91f53d8,0.56,false,false,near_mint,en,USD,2026-09-09T16:03:32.587Z
Parting Gust,BLB,Bloomburrow,24,normal,uncommon,1,95744,1086e826-94b8-4398-8a38-d8eacca56a43,1.34,false,false,near_mint,en,USD,2026-09-09T16:03:32.588Z
Norn's Wellspring,ONE,Phyrexia: All Will Be One,24,normal,rare,1,78936,eeebc0ab-89fb-47d5-a20f-8f1fe5e3c149,0.26,false,false,near_mint,en,USD,2026-09-09T16:03:32.589Z
"Stiltzkin, Moogle Merchant",FIN,Final Fantasy,34,normal,rare,1,103775,06a972a4-0c1b-4f12-a5a5-fdea47c4cd35,0.33,false,false,near_mint,en,USD,2026-09-09T16:03:32.590Z
"Anafenza, Unyielding Lineage",TDM,Tarkir: Dragonstorm,327,normal,rare,1,104356,c0f31696-2307-4ec6-a568-c255a25b59b6,0.26,false,false,near_mint,en,USD,2026-09-09T16:03:32.591Z
Fell the Mighty,LTC,Tales of Middle-earth Commander,167,normal,rare,1,83059,4c0b7345-7f42-4264-a7cb-733280326aca,0.36,false,false,near_mint,en,USD,2026-09-09T16:03:32.592Z
Pariah,OTP,Breaking News,5,normal,rare,1,93071,1995fed6-992f-4333-afa6-63d61cfdfa00,2.14,false,false,near_mint,en,USD,2026-09-09T16:03:32.593Z
Day of Judgment,FDN,Foundations,140,normal,rare,1,95585,96e84bdc-8a9a-4c58-ba8b-9f052fd60069,1.01,false,false,near_mint,en,USD,2026-09-09T16:03:32.596Z
"Venat, Heart of Hydaelyn // Hydaelyn, the Mothercrystal",FIN,Final Fantasy,39,normal,rare,1,106526,2625c00d-0a51-4481-bf36-cf13a2546242,1.8,false,false,near_mint,en,USD,2026-09-09T16:03:32.597Z
"Skrelv, Defector Mite",ONE,Phyrexia: All Will Be One,301,normal,rare,1,78510,3c4862ed-7be8-4fd0-9150-a20e56d1e858,3.25,false,false,near_mint,en,USD,2026-09-09T16:03:32.601Z
The Wandering Rescuer,DSK,Duskmourn: House of Horror,41,normal,mythic,1,95616,e1ccca86-df8b-4fd9-8fdf-0a5a7b14cdee,2.5,false,false,near_mint,en,USD,2026-09-09T16:03:32.604Z
Starfall Invocation,BLB,Bloomburrow,34,normal,rare,1,95904,2aea38e6-ec58-4091-b27c-2761bdd12b13,1.52,false,false,near_mint,en,USD,2026-09-09T16:03:32.606Z
Erode,SOS,Secrets of Strixhaven,15,normal,rare,2,112288,32e670da-7563-4f6a-a7db-4c126a440eb8,6.18,false,false,near_mint,en,USD,2026-09-09T16:03:32.585Z
Aetherize,FDN,Foundations,151,normal,uncommon,2,100225,1e5530fc-0291-4a17-b048-c5d24e6f51d8,0.66,false,false,near_mint,en,USD,2026-09-09T16:06:37.521Z
Pull from Tomorrow,EOC,Edge of Eternities Commander,76,normal,rare,1,107231,12e1fecc-c9e4-401f-ac24-11822276c911,0.3,false,false,near_mint,en,USD,2026-09-09T16:06:37.522Z
Marauding Sphinx,OTJ,Outlaws of Thunder Junction,56,normal,uncommon,1,93116,34071884-c5b6-42c0-9eb3-9f32910c29d8,0.21,false,false,near_mint,en,USD,2026-09-09T16:06:37.523Z
Flow State,SOS,Secrets of Strixhaven,49,normal,uncommon,1,112343,47d6093b-b1b6-4956-8bfd-02cce899f832,2.03,false,false,near_mint,en,USD,2026-09-09T16:06:37.524Z
Convolute,IKO,Ikoria: Lair of Behemoths,45,normal,common,2,50032,3fd8e607-8179-4ae8-ba7f-f5f22649dc18,0.21,false,false,near_mint,en,USD,2026-09-09T16:06:37.525Z
Run Away Together,CLB,Commander Legends: Battle for Baldur's Gate,92,normal,common,1,69239,b43c6427-6d7d-4a90-b4b9-529895082d60,0.31,false,false,near_mint,en,USD,2026-09-09T16:06:37.526Z
Sleight of Hand,SOA,Secrets of Strixhaven Mystical Archive,22,normal,uncommon,3,112686,c837c418-2fe9-4ce8-b76d-c37241579a93,0.32,false,false,near_mint,en,USD,2026-09-09T16:06:37.527Z
Knights of Dol Amroth,LTR,The Lord of the Rings: Tales of Middle-earth,432,normal,common,2,82848,0c511371-97d7-47cc-934c-939dfbdd1c0b,0.23,false,false,near_mint,en,USD,2026-09-09T16:06:37.528Z
Depose // Deploy,CLU,Ravnica: Clue Edition,185,normal,uncommon,1,90649,0bda0b80-8a41-4001-9f60-06b1d7f9b1fa,0.13,false,false,near_mint,en,USD,2026-09-09T16:06:37.529Z
Alchemist's Retrieval,VOW,Innistrad: Crimson Vow,47,normal,common,1,64462,edbf9d4f-6027-40b8-81c1-7f001a9119dd,0.2,false,false,near_mint,en,USD,2026-09-09T16:06:37.530Z
Oneirophage,MH1,Modern Horizons,60,normal,uncommon,1,44874,caefbac6-b2a0-4a70-a912-25173eafd7b3,0.21,false,false,near_mint,en,USD,2026-09-09T16:06:37.531Z
Aether Syphon,DFT,Aetherdrift,38,normal,uncommon,1,103294,d7033739-4cd8-4727-b9b5-099fb597006b,0.3,false,false,near_mint,en,USD,2026-09-09T16:07:08.993Z
Portal of Sanctuary,M20,Core Set 2020,71,normal,uncommon,1,45390,37c66692-2880-4ea2-abaf-8926c6950826,0.21,false,false,near_mint,en,USD,2026-09-09T16:07:08.994Z
Zoetic Glyph,LCI,The Lost Caverns of Ixalan,86,normal,uncommon,1,88767,a2f498ac-179e-4055-9b83-97bcc5ab1bb9,0.18,false,false,near_mint,en,USD,2026-09-09T16:07:08.995Z
Lodestone Needle // Guidestone Compass,LCI,The Lost Caverns of Ixalan,62,normal,uncommon,1,88959,dedd7a22-92e2-41fd-aa80-944c69653a5e,0.27,false,false,near_mint,en,USD,2026-09-09T16:07:08.996Z
Test of Talents,STX,Strixhaven: School of Mages,59,normal,uncommon,1,58136,6e2b6236-b40c-430c-98b0-7940b942657a,0.34,false,false,near_mint,en,USD,2026-09-09T16:07:08.997Z
Opportunity,BBD,Battlebond,126,normal,uncommon,6,1867,49233196-82e4-44c4-86f0-6eb2db7293a3,0.1,false,false,near_mint,en,USD,2026-09-09T16:07:08.998Z
Treasure Cruise,SOC,Secrets of Strixhaven Commander,205,normal,common,3,111913,42c45880-15c7-4259-8066-c04d031d8216,0.27,false,false,near_mint,en,USD,2026-09-09T16:07:08.999Z
Waterlogged Hulk // Watertight Gondola,LCI,The Lost Caverns of Ixalan,83,normal,uncommon,1,88629,7ea89d3c-8d47-4bbb-9271-8cdfd9296e2f,0.12,false,false,near_mint,en,USD,2026-09-09T16:07:09.000Z
Nimbleclaw Adept,CLB,Commander Legends: Battle for Baldur's Gate,86,normal,common,1,68850,0df69a02-0b89-46af-abbc-51d1c419daed,0.32,false,false,near_mint,en,USD,2026-09-09T19:08:27.520Z
Surrounded by Orcs,LTR,The Lord of the Rings: Tales of Middle-earth,73,normal,common,1,82905,1c50d4c8-2311-4394-b73f-389eb81e898b,0.16,false,false,near_mint,en,USD,2026-09-09T19:08:27.521Z
Gateway Sneak,FDN,Foundations,592,normal,uncommon,1,100366,3834176f-29c5-4511-87d6-75d0c348a770,0.09,false,false,near_mint,en,USD,2026-09-09T19:08:27.523Z
Furtive Analyst,MOM,March of the Machine,59,normal,common,1,81416,98c55aff-baed-4fb5-a490-abd59b8df5e7,0.06,false,false,near_mint,en,USD,2026-09-09T19:08:27.525Z
Xerex Strobe-Knight,MOM,March of the Machine,85,normal,uncommon,1,81251,e38a32bc-133d-43d1-a6e3-80d39fe53d32,0.09,false,false,near_mint,en,USD,2026-09-09T19:08:27.526Z
Lapis Orb of Dragonkind,CLB,Commander Legends: Battle for Baldur's Gate,82,normal,common,1,68921,26ed684b-e3a1-421d-8cfd-c5eee673a3a1,0.24,false,false,near_mint,en,USD,2026-09-09T19:08:27.527Z
Knights of Dol Amroth,LTR,The Lord of the Rings: Tales of Middle-earth,59,normal,common,1,83146,661338ff-a192-4007-a144-63d00f2e9ecb,0.12,false,false,near_mint,en,USD,2026-09-09T19:08:27.528Z
Bottomless Pool // Locker Room,DSK,Duskmourn: House of Horror,43,normal,uncommon,2,98832,606fe87c-d17b-4fa7-8e82-e7002d8229ef,0.31,false,false,near_mint,en,USD,2026-09-09T19:08:27.529Z
Syncopate,FIN,Final Fantasy,80,normal,common,2,106409,83e1cd8d-5b97-427a-be75-2a1947f9c59b,0.24,false,false,near_mint,en,USD,2026-09-09T19:08:27.530Z
Mystic Redaction,MH2,Modern Horizons 2,53,normal,uncommon,2,59883,f2f6615e-194d-43aa-815a-34dca2ff4fea,0.19,false,false,near_mint,en,USD,2026-09-09T19:08:27.532Z
Foresee,TSR,Time Spiral Remastered,69,normal,common,1,57583,2ecf2ee8-6b93-4757-89c4-f1e76509a217,0.26,false,false,near_mint,en,USD,2026-09-09T19:08:27.533Z
Opt,FDN,Foundations,512,normal,common,2,100539,58d26b54-0093-4e90-a2b1-b57c64340f9c,0.1,false,false,near_mint,en,USD,2026-09-09T19:08:27.534Z
Rook Turret,FIN,Final Fantasy,69,normal,common,2,106541,4572884d-0c0e-41e7-b219-f76b95fdbd01,0.2,false,false,near_mint,en,USD,2026-09-09T19:08:27.536Z
Cargo Ship,FIN,Final Fantasy,47,normal,uncommon,1,106597,932b865c-bfe7-4bb7-82e9-2403cf0e0522,0.19,false,false,near_mint,en,USD,2026-09-09T19:08:27.537Z
Meat Locker // Drowned Diner,DSK,Duskmourn: House of Horror,65,normal,common,2,99303,b3c773f0-9e65-48de-a362-a9a943198693,0.24,false,false,near_mint,en,USD,2026-09-09T19:08:27.538Z
Geyser Drake,OTJ,Outlaws of Thunder Junction,51,normal,common,3,93309,b270377b-33eb-4e5e-9d14-0da2876da74f,0.15,false,false,near_mint,en,USD,2026-09-09T19:08:27.539Z
Summon: Shiva,FIN,Final Fantasy,78,normal,uncommon,2,103800,a80511f8-7cb1-4974-afde-8a5cebe13ad7,0.29,false,false,near_mint,en,USD,2026-09-09T19:08:27.540Z
Sidequest: Card Collection // Magicked Card,FIN,Final Fantasy,73,normal,uncommon,2,106589,8ac3d2c9-5978-4cfb-a746-c901decff093,0.16,false,false,near_mint,en,USD,2026-09-09T19:08:27.542Z
The Prima Vista,FIN,Final Fantasy,64,normal,uncommon,2,106212,e3998132-5746-4dde-9529-97d3ad7d7361,0.12,false,false,near_mint,en,USD,2026-09-09T19:08:27.543Z
Travel the Overworld,FIN,Final Fantasy,82,normal,uncommon,1,106625,aa5086e0-e2f2-498f-9035-1b31e1d21e0a,0.23,false,false,near_mint,en,USD,2026-09-09T19:08:27.544Z
Magic Damper,FIN,Final Fantasy,61,normal,common,1,106540,44921b2e-5938-4f63-92b9-0b719a2f8c68,0.27,false,false,near_mint,en,USD,2026-09-09T19:08:27.546Z
Thief's Knife,FIN,Final Fantasy,81,normal,uncommon,1,106645,c2dcfd0a-3f52-4616-a09a-fd2db8b6b93e,0.19,false,false,near_mint,en,USD,2026-09-09T19:08:27.547Z
Don't Make a Sound,DSK,Duskmourn: House of Horror,49,normal,common,4,99305,b5f42e59-7315-41cb-9c41-346e44f0c5fb,0.34,false,false,near_mint,en,USD,2026-09-09T19:08:27.548Z
Fleeting Reflection,OTJ,Outlaws of Thunder Junction,49,normal,uncommon,1,93258,8f8c931e-219f-4032-b55b-b5975fbea1e7,0.26,false,false,near_mint,en,USD,2026-09-09T19:08:27.549Z
Fractalize,SOS,Secrets of Strixhaven,51,normal,uncommon,1,112399,e3c3b19b-01b6-4f5a-b428-513b778c5d89,0.18,false,false,near_mint,en,USD,2026-09-09T19:08:27.550Z
Muse Seeker,SOS,Secrets of Strixhaven,60,normal,uncommon,1,112243,71cb4a6b-b500-4b28-bcdb-ec4188242f39,0.18,false,false,near_mint,en,USD,2026-09-09T19:08:27.552Z
Essence Scatter,SOS,Secrets of Strixhaven,47,normal,common,6,112586,32840097-0531-4c43-b6a8-e76c17420b04,0.18,false,false,near_mint,en,USD,2026-09-09T19:08:27.554Z
Self-Reflection,FDN,Foundations,163,normal,uncommon,1,101247,e1e6abc9-25b2-4d51-b519-2525079eab51,0.16,false,false,near_mint,en,USD,2026-09-09T19:08:27.555Z
Invasion of Kamigawa // Rooftop Saboteurs,MOM,March of the Machine,62,normal,uncommon,2,81046,3140320d-b932-441f-bff3-9bdf4419b88a,0.21,false,false,near_mint,en,USD,2026-09-09T19:08:27.556Z
"Meneldor, Swift Savior",LTR,The Lord of the Rings: Tales of Middle-earth,62,normal,uncommon,3,83131,62d2ee20-abbc-4a9d-8d30-4223242123e8,0.27,false,false,near_mint,en,USD,2026-09-09T19:08:27.557Z
Annul,THS,Theros,38,normal,common,1,15626,5e71b6ad-4b81-4277-8512-0a3f2266cd23,0.15,false,false,near_mint,en,USD,2026-09-09T19:08:27.560Z
Elementalist Adept,FDN,Foundations,36,normal,common,1,101605,d9768cc6-8f53-4922-ae32-376a2f32d719,0.18,false,false,near_mint,en,USD,2026-09-09T19:08:27.561Z
Thunderhead Squadron,MOM,March of the Machine,81,normal,common,1,81406,8eaa0946-591f-4136-9d8a-e56934151383,0.06,false,false,near_mint,en,USD,2026-09-09T19:08:27.563Z
Kishla Trawlers,TDM,Tarkir: Dragonstorm,50,normal,uncommon,1,104472,190fbc55-e8e9-4077-9532-1de7406baabf,0.11,false,false,near_mint,en,USD,2026-09-09T19:08:27.564Z
Run Away Together,FDN,Foundations,162,normal,common,2,101614,e598eb7b-10dc-49e6-ac60-2fefa987173e,0.19,false,false,near_mint,en,USD,2026-09-09T19:08:27.565Z
Run Away Together,BLB,Bloomburrow,67,normal,common,2,95799,7cb7ec70-a5a4-4188-ba1a-e88b81bdbad0,0.25,false,false,near_mint,en,USD,2026-09-09T19:08:27.566Z
Contact Other Plane,CLB,Commander Legends: Battle for Baldur's Gate,62,normal,common,1,69118,7b5d9323-ddf4-49b0-9d39-c2249c50f1e3,0.27,false,false,near_mint,en,USD,2026-09-09T19:08:27.567Z
Goggles of Night,CLB,Commander Legends: Battle for Baldur's Gate,384,normal,common,2,69037,5753e654-f02c-46eb-b5f5-cba1a99a0253,0.09,false,false,near_mint,en,USD,2026-09-09T19:08:27.568Z
Manic Scribe,SOI,Shadows over Innistrad,73,normal,uncommon,1,8923,eb0fadba-4205-47ce-b4cf-e0ff7308749b,0.35,false,false,near_mint,en,USD,2026-09-09T19:08:27.569Z
Gossip's Talent,BLB,Bloomburrow,51,normal,uncommon,2,95961,b299889a-03d6-4659-b0e1-f0830842e40f,0.23,false,false,near_mint,en,USD,2026-09-09T19:08:27.522Z
Archaeomancer,UMA,Ultimate Masters,45,normal,common,7,43454,cc258713-6ce3-44e0-9b4b-8fa7d1d093a1,0.36,false,false,near_mint,en,USD,2026-09-09T19:08:27.524Z
Qiqirn Merchant,FIN,Final Fantasy,65,normal,common,2,106623,a75a6ecc-a6a5-462c-bd92-ae57dde9b965,0.09,false,false,near_mint,en,USD,2026-09-09T19:08:27.531Z
Ice Magic,FIN,Final Fantasy,56,normal,common,4,105677,9dabd626-7ec3-4913-babb-d5d3fd5e32d5,0.17,false,false,near_mint,en,USD,2026-09-09T19:08:27.535Z
Procrastinate,SOS,Secrets of Strixhaven,64,normal,common,3,111692,1edb449d-620f-4e21-9d76-2c840635eb9d,0.24,false,false,near_mint,en,USD,2026-09-09T19:08:27.551Z
Bring the Ending,ONE,Phyrexia: All Will Be One,44,normal,common,1,78806,ba9d9d26-0c76-4a09-aa25-b32854e70c0b,0.25,false,false,near_mint,en,USD,2026-09-09T19:11:58.471Z
Chase Inspiration,SOS,Secrets of Strixhaven,41,normal,common,3,112562,06f9f257-c7ef-44b7-8b2b-f038fba900af,0.14,false,false,near_mint,en,USD,2026-09-09T19:11:58.472Z
"Orysa, Tide Choreographer",SOS,Secrets of Strixhaven,62,normal,uncommon,1,112212,010ed379-63f5-452c-9cd4-00d51647c0e3,0.19,false,false,near_mint,en,USD,2026-09-09T19:11:58.473Z
Agent of Kotis,TDM,Tarkir: Dragonstorm,36,normal,common,2,104318,812d0462-0158-467f-951d-a7a121188a10,0.08,false,false,near_mint,en,USD,2026-09-09T19:11:58.474Z
Quick Study,SOS,Secrets of Strixhaven,65,normal,common,2,112583,2d4f0bc7-da7c-4749-a24c-b01f3eb5860c,0.2,false,false,near_mint,en,USD,2026-09-09T19:11:58.475Z
Dream Fracture,CLB,Commander Legends: Battle for Baldur's Gate,66,normal,common,1,69328,daca6a57-38b7-4547-9174-a7f548ea1258,0.15,false,false,near_mint,en,USD,2026-09-09T19:11:58.476Z
Disdainful Stroke,SNC,Streets of New Capenna,39,normal,common,1,67728,492aa24c-61c4-48bc-b7b7-f423be2662da,0.19,false,false,near_mint,en,USD,2026-09-09T19:11:58.477Z
Saruman's Trickery,LTR,The Lord of the Rings: Tales of Middle-earth,68,normal,uncommon,2,83284,8eb6c23b-e52e-4533-9625-884eb0a4d866,0.21,false,false,near_mint,en,USD,2026-09-09T19:11:58.479Z
The Bath Song,LTR,The Lord of the Rings: Tales of Middle-earth,40,normal,uncommon,1,83671,fb11c04f-6f17-4da4-bbf6-0bd09de6e544,0.28,false,false,near_mint,en,USD,2026-09-09T19:11:58.480Z
Saruman the White,LTR,The Lord of the Rings: Tales of Middle-earth,67,normal,uncommon,1,82903,1bfccbab-29fa-4e92-8919-6cd4815fb655,0.19,false,false,near_mint,en,USD,2026-09-09T19:11:58.483Z
Glorious Gale,LTR,The Lord of the Rings: Tales of Middle-earth,51,normal,common,1,83178,6e1057de-5710-415c-9a51-1d8bd86021a3,0.27,false,false,near_mint,en,USD,2026-09-09T19:11:58.484Z
Treason of Isengard,LTR,The Lord of the Rings: Tales of Middle-earth,74,normal,common,1,83188,71f97505-c961-4890-acd0-32a63919ac2a,0.21,false,false,near_mint,en,USD,2026-09-09T19:11:58.485Z
Plumecreed Escort,BLB,Bloomburrow,65,normal,uncommon,1,95983,f71320ed-2f30-49ce-bcb0-19aebba3f0e8,0.28,false,false,near_mint,en,USD,2026-09-09T19:11:58.486Z
Rowdy Research,BLC,Bloomburrow Commander,173,normal,uncommon,1,96205,22737b82-bb81-4e4d-8ce7-7f06c5692d9b,0.22,false,false,near_mint,en,USD,2026-09-09T19:11:58.487Z
Deduce,SOA,Secrets of Strixhaven Mystical Archive,16,normal,uncommon,1,111808,a6813cd2-7151-459a-a2f1-52808584de53,0.27,false,false,near_mint,en,USD,2026-09-09T19:11:58.490Z
Hydro-Channeler,SOS,Secrets of Strixhaven,54,normal,common,3,112563,099f8400-d70a-48ef-8ff6-645eae97e072,0.19,false,false,near_mint,en,USD,2026-09-09T19:11:58.491Z
"Tetsuko Umezawa, Fugitive",BLC,Bloomburrow Commander,177,normal,uncommon,1,96203,21625c5c-7a9c-498d-afb6-ea57dea33fc6,0.27,false,false,near_mint,en,USD,2026-09-09T19:11:58.495Z
Roiling Dragonstorm,TDM,Tarkir: Dragonstorm,55,normal,uncommon,2,104280,455f4c96-684b-4b14-bd21-6799da2e1fa7,0.33,false,false,near_mint,en,USD,2026-09-09T19:11:58.496Z
Curse of Verbosity,CLB,Commander Legends: Battle for Baldur's Gate,717,normal,uncommon,1,69731,ff611add-0b1b-4008-a78b-e793ccb38260,0.87,false,false,near_mint,en,USD,2026-09-09T19:11:58.502Z
Lookout's Dispersal,XLN,Ixalan,62,normal,uncommon,1,3950,f5751a3c-7695-4c47-9cbd-92fd5b1b7ec9,0.24,false,false,near_mint,en,USD,2026-09-09T19:11:58.503Z
Combat Tutorial,FIN,Final Fantasy,48,normal,common,1,106679,ec195607-ac30-4931-acfd-f9d8ac8b047f,0.27,false,false,near_mint,en,USD,2026-09-09T19:11:58.504Z
Canyon Crab,OTJ,Outlaws of Thunder Junction,40,normal,uncommon,2,93317,b740a8a8-e1d3-4642-a214-03731c9b5553,0.1,false,false,near_mint,en,USD,2026-09-09T19:11:58.505Z
Rewind,M21,Core Set 2021,63,normal,uncommon,2,50966,b832abcc-9ffd-47bf-827a-01b303c610ee,0.52,false,false,near_mint,en,USD,2026-09-09T19:11:58.481Z
Tolarian Terror,FDN,Foundations,167,normal,common,2,100270,2569d4f3-55ed-4f99-9592-34c7df0aab72,0.22,false,false,near_mint,en,USD,2026-09-09T19:11:58.488Z
Fading Hope,MID,Innistrad: Midnight Hunt,51,normal,uncommon,2,63427,c2fb1fff-12be-4bd5-8dba-c36e84d49651,0.22,false,false,near_mint,en,USD,2026-09-09T19:11:58.492Z
Echocasting Symposium,SOS,Secrets of Strixhaven,291,normal,mythic,1,112362,72a21e89-5988-4b8b-8e67-a915e74a54e2,5.16,false,false,near_mint,en,USD,2026-09-09T19:29:14.189Z
Exhibition Tidecaller,SOS,Secrets of Strixhaven,48,normal,rare,3,111730,a58c364e-d0c5-41b9-8c8b-2e5a99468cc7,0.55,false,false,near_mint,en,USD,2026-09-09T19:33:41.595Z
Textbook Tabulator,SOS,Secrets of Strixhaven,70,normal,common,1,112615,56f54fee-b48d-4582-8982-ca4c7b8ef553,0.17,false,false,near_mint,en,USD,2026-09-09T19:33:41.597Z
Flusterstorm,SOA,Secrets of Strixhaven Mystical Archive,18,normal,mythic,1,112299,ba8fa9db-f24f-46d4-add1-71b7f77636e2,9.56,false,false,near_mint,en,USD,2026-09-09T19:33:41.598Z
Wisdom of Ages,SOS,Secrets of Strixhaven,71,normal,rare,1,111734,b227ef04-33e4-44e8-a357-0ea3dfe5d49b,0.38,false,false,near_mint,en,USD,2026-09-09T19:37:10.052Z
Disdainful Stroke,SOA,Secrets of Strixhaven Mystical Archive,17,normal,uncommon,1,111792,3a057032-6ece-4aa7-8e99-df2a07359b2b,0.3,false,false,near_mint,en,USD,2026-09-09T19:37:10.053Z
Banishing Betrayal,SOS,Secrets of Strixhaven,38,normal,common,2,111688,1ae9d2f3-7a9f-433a-aa1f-14337ae6f9d4,0.16,false,false,near_mint,en,USD,2026-09-09T19:39:37.429Z
Deluge Virtuoso,SOS,Secrets of Strixhaven,42,normal,common,1,112222,2e3b16ed-8727-48fd-8b1f-c0cbd329385e,0.11,false,false,near_mint,en,USD,2026-09-09T19:39:37.431Z
Twist Reality,DSK,Duskmourn: House of Horror,77,normal,common,4,98834,644714dd-7a0b-4d4b-9a61-8f6e505b1d22,0.22,false,false,near_mint,en,USD,2026-09-09T19:39:37.434Z
This Town Ain't Big Enough,OTJ,Outlaws of Thunder Junction,74,normal,uncommon,1,93322,bb206e27-da4d-4abe-9d8c-6d18c5f2f52a,0.56,false,false,near_mint,en,USD,2026-09-09T19:39:37.435Z
Phantom Interference,OTJ,Outlaws of Thunder Junction,61,normal,common,2,93023,00bf4dd1-5468-4594-9c7b-0737610f19d4,0.23,false,false,near_mint,en,USD,2026-09-09T19:39:37.437Z
Run Behind,SOS,Secrets of Strixhaven,66,normal,common,1,112601,40ecc34b-4cd0-4998-bbf4-7faa6fd3d7e0,0.05,false,false,near_mint,en,USD,2026-09-09T19:42:44.092Z
Spellbook Seeker // Careful Study,SOS,Secrets of Strixhaven,68,normal,common,1,112691,cc44eaa4-59a4-419e-b1d1-d92f354ff588,0.11,false,false,near_mint,en,USD,2026-09-09T19:42:44.093Z
Muse's Encouragement,SOS,Secrets of Strixhaven,61,normal,common,1,112301,c59e0004-1d6a-42a1-8ce4-31da2af2e1bf,0.07,false,false,near_mint,en,USD,2026-09-09T19:42:44.095Z
Loyal Inventor,ACR,Assassin's Creed,21,normal,uncommon,3,95476,be1e598a-840c-4166-88a6-92a8b9958536,0.34,false,false,near_mint,en,USD,2026-09-09T19:42:44.096Z
Escape Detection,ACR,Assassin's Creed,18,normal,uncommon,1,95526,ec676a8f-612d-4ef4-a370-6208407a86af,0.19,false,false,near_mint,en,USD,2026-09-09T19:42:44.097Z
Scorpion Sentinel,FIN,Final Fantasy,72,normal,common,1,106503,08ab5220-e5c1-472e-8217-97fd60e1773c,0.07,false,false,near_mint,en,USD,2026-09-09T19:42:44.099Z
Mathemagics,SOS,Secrets of Strixhaven,58,normal,mythic,1,110979,cd3cc172-5609-4bc8-9d84-50680fed6df9,4.28,false,false,near_mint,en,USD,2026-09-09T19:42:44.100Z
Slickshot Lockpicker,OTJ,Outlaws of Thunder Junction,67,normal,uncommon,1,93048,109a9464-ce30-4747-874e-3bbf75913081,0.25,false,false,near_mint,en,USD,2026-09-16T15:27:19.750Z
Council's Deliberation,LTR,The Lord of the Rings: Tales of Middle-earth,46,normal,uncommon,1,83142,651503a2-5d1e-408a-9cdc-0cee05ab3ef0,0.26,false,false,near_mint,en,USD,2026-09-16T15:27:19.753Z
Switcheroo,M19,Core Set 2019,78,normal,uncommon,1,1234,9d3d062c-5853-44f9-b951-a264e9e0d72d,0.23,false,false,near_mint,en,USD,2026-09-16T15:27:19.755Z
Aegis Turtle,FDN,Foundations,150,normal,common,1,101590,c7f2014a-fbc9-447c-a440-e06d01066bb9,0.18,false,false,near_mint,en,USD,2026-09-16T15:27:19.757Z
Focus the Mind,TDM,Tarkir: Dragonstorm,45,normal,common,1,105153,abb0ba34-6904-4c17-a04d-ea4f12c7cf21,0.23,false,false,near_mint,en,USD,2026-09-16T15:27:19.758Z
Clinquant Skymage,FDN,Foundations,33,normal,uncommon,1,100357,36012810-0e83-4640-8ba7-7262229f1b84,0.2,false,false,near_mint,en,USD,2026-09-16T15:27:19.761Z
Shore Up,BLB,Bloomburrow,69,normal,common,1,96277,4dc3b49e-3674-494c-bdea-4374cefd10f4,0.22,false,false,near_mint,en,USD,2026-09-16T15:27:19.765Z
Opportunity,BRB,Battle Royale Box Set,47,normal,uncommon,1,34013,00f6934f-2dd1-4715-9b7c-3ec59e8d083e,0.3,false,false,near_mint,en,USD,2026-09-16T15:27:19.766Z
Protocol Knight,MOM,March of the Machine,74,normal,common,1,81432,af6cb380-0b4d-4870-abef-928eb63e1702,0.19,false,false,near_mint,en,USD,2026-09-16T15:27:19.770Z
Boon of the Wish-Giver,IKO,Ikoria: Lair of Behemoths,43,normal,uncommon,1,50034,0e790851-f0f7-4f1a-80e6-94be649499b6,0.17,false,false,near_mint,en,USD,2026-09-16T15:27:19.771Z
Faebloom Trick,FDN,Foundations,38,normal,uncommon,1,100148,0c3bee8f-f5be-4404-a696-c902637799c3,0.26,false,false,near_mint,en,USD,2026-09-16T15:27:19.775Z
Essence Scatter,FDN,Foundations,153,normal,uncommon,1,101226,dd05c850-f91e-4ffb-b4cc-8418d49dad90,0.19,false,false,near_mint,en,USD,2026-09-16T15:27:19.776Z
Witness Protection,FDN,Foundations,168,normal,common,1,101621,f231e981-0069-43ce-ac1c-c85ced613e93,0.25,false,false,near_mint,en,USD,2026-09-16T15:27:19.777Z
Seer of the Last Tomorrow,HOU,Hour of Devastation,44,normal,common,1,4631,7e897f14-8775-4bc3-a3b2-b149f79ec702,0.04,false,false,near_mint,en,USD,2026-09-16T15:27:19.779Z
Vizier of Tumbling Sands,CMM,Commander Masters,131,normal,common,1,84724,a9aef509-50f0-4848-87d5-3c169453186f,0.21,false,false,near_mint,en,USD,2026-09-16T15:27:19.780Z
Essence Anchor,TDM,Tarkir: Dragonstorm,44,normal,uncommon,1,105026,e91c4509-918e-44ba-aa13-1991199fee9f,0.24,false,false,near_mint,en,USD,2026-09-16T15:27:19.781Z
Arwen's Gift,LTR,The Lord of the Rings: Tales of Middle-earth,39,normal,common,1,82969,30e1ec49-ad4f-4623-aeeb-dba07d6e6251,0.19,false,false,near_mint,en,USD,2026-09-16T15:27:19.782Z
Mocking Sprite,FDN,Foundations,159,normal,common,2,101624,f6792f63-b651-497d-8aa5-cddf4cedeca8,0.2,false,false,near_mint,en,USD,2026-09-16T15:27:19.786Z
"Bill Ferny, Bree Swindler",LTR,The Lord of the Rings: Tales of Middle-earth,42,normal,uncommon,1,82919,20ac63cb-fa4d-4340-8062-1029c8bd5ec8,0.1,false,false,near_mint,en,USD,2026-09-16T15:27:19.787Z
Hidden Strings,DGM,Dragon's Maze,12,normal,common,1,16453,216e8047-6f54-49ce-bf86-27dc8fc8c8f7,0.28,false,false,near_mint,en,USD,2026-09-16T15:27:19.788Z
Birthday Escape,LTR,The Lord of the Rings: Tales of Middle-earth,43,normal,common,1,83034,42db2313-b13d-4292-bef2-bf86f989d32f,0.26,false,false,near_mint,en,USD,2026-09-16T15:27:19.789Z
Unable to Scream,DSK,Duskmourn: House of Horror,78,normal,common,1,98853,7c59e0cd-10a8-4a32-9c0a-a2c6ef1ed9a6,0.32,false,false,near_mint,en,USD,2026-09-16T15:27:19.792Z
Unnerving Grasp,DSK,Duskmourn: House of Horror,80,normal,uncommon,1,99158,5602756d-76d2-4502-965f-36fc44596123,0.24,false,false,near_mint,en,USD,2026-09-16T15:27:19.793Z
Underwater Tunnel // Slimy Aquarium,DSK,Duskmourn: House of Horror,79,normal,common,1,99092,2dd69f2d-8c9c-41fc-93ea-48fc7a6d5272,0.18,false,false,near_mint,en,USD,2026-09-16T15:27:19.796Z
Glimmerburst,DSK,Duskmourn: House of Horror,62,normal,common,1,99425,fe1ab8db-3994-4b6d-9eaf-75243a78b715,0.14,false,false,near_mint,en,USD,2026-09-16T15:27:19.797Z
Get Out,DSK,Duskmourn: House of Horror,60,normal,uncommon,1,99171,5d9471c8-2db9-4ce3-a1e5-42b85134cb8e,0.35,false,false,near_mint,en,USD,2026-09-16T15:27:19.798Z
Creeping Peeper,DSK,Duskmourn: House of Horror,46,normal,common,1,98851,7ad59368-1335-4d8e-a254-ccd889933e57,0.13,false,false,near_mint,en,USD,2026-09-16T15:27:19.799Z
Stolen Uniform,FIN,Final Fantasy,75,normal,uncommon,1,106510,0d80c511-2f4d-4f77-8143-7b49b2b19fae,0.17,false,false,near_mint,en,USD,2026-09-16T15:27:19.804Z
Repulse,OTP,Breaking News,13,normal,uncommon,1,93246,88941ed3-1cae-47ce-8ccb-938c5d0e767f,0.14,false,false,near_mint,en,USD,2026-09-16T15:27:19.805Z
Cursed Windbreaker,DSK,Duskmourn: House of Horror,47,normal,uncommon,1,98942,f651e216-f9da-4696-8a1d-6d674e9044c0,0.16,false,false,near_mint,en,USD,2026-09-16T15:27:19.807Z
Ether,FIN,Final Fantasy,53,normal,uncommon,1,106586,896ee6e9-15a9-4974-b576-50f4759fac38,0.2,false,false,near_mint,en,USD,2026-09-16T15:27:19.808Z
Outlaw Stitcher,OTJ,Outlaws of Thunder Junction,59,normal,uncommon,1,93320,ba9584f0-55b8-448d-99a7-041934053f42,0.16,false,false,near_mint,en,USD,2026-09-16T15:27:19.809Z
Metamorphic Blast,OTJ,Outlaws of Thunder Junction,57,normal,uncommon,1,93327,bd38d922-cfc1-43a8-82d8-5de441c71076,0.21,false,false,near_mint,en,USD,2026-09-16T15:27:19.814Z
"Ultros, Obnoxious Octopus",FIN,Final Fantasy,83,normal,uncommon,1,106515,14379198-9a0a-4853-9d51-fb074a24b1c0,0.2,false,false,near_mint,en,USD,2026-09-16T15:27:19.815Z
Quistis Trepe,FIN,Final Fantasy,66,normal,uncommon,1,106279,61784cbd-92e9-43c7-a1a8-4004b1bf4dae,0.3,false,false,near_mint,en,USD,2026-09-16T15:27:19.817Z
Il Mheg Pixie,FIN,Final Fantasy,57,normal,uncommon,1,106629,ae612312-3a8e-495f-8730-deaaf7505ca1,0.2,false,false,near_mint,en,USD,2026-09-16T15:27:19.818Z
Fear of Impostors,DSK,Duskmourn: House of Horror,57,normal,uncommon,1,98737,bdee441e-14ab-42d1-b447-5a6488fd713a,0.31,false,false,near_mint,en,USD,2026-09-16T15:27:19.822Z
Essence Capture,OTP,Breaking News,10,normal,uncommon,1,93358,d2bcfba6-fbd8-487c-8a89-2327c3d07870,0.18,false,false,near_mint,en,USD,2026-09-16T15:27:19.823Z
Shifting Grift,OTJ,Outlaws of Thunder Junction,66,normal,uncommon,1,93085,20b8313b-a680-4dca-959a-1a7fa5cb4b1b,0.27,false,false,near_mint,en,USD,2026-09-16T15:27:19.825Z
Plan the Heist,OTJ,Outlaws of Thunder Junction,62,normal,uncommon,1,93083,1e8c3a0e-d61c-457f-ac85-577d0bb94b96,0.22,false,false,near_mint,en,USD,2026-09-16T15:27:19.826Z
Time Stop,FDN,Foundations,166,normal,rare,1,101205,d938603b-0f1e-44c4-b86e-38e15f4a0d27,0.3,false,false,near_mint,en,USD,2026-09-16T15:27:19.831Z
Illithid Harvester // Plant Tadpoles,CLB,Commander Legends: Battle for Baldur's Gate,76,normal,rare,1,69336,df9573a3-d013-4631-98ed-78418bf0bc78,0.36,false,false,near_mint,en,USD,2026-09-16T15:27:19.832Z
Transcendent Message,MOM,March of the Machine,83,normal,rare,1,81048,3261c7e6-45be-44d1-8855-026359ba0ae7,0.36,false,false,near_mint,en,USD,2026-09-16T15:27:19.833Z
Teferi's Veil,WTH,Weatherlight,53,normal,uncommon,1,37244,cbf39b80-d972-4f79-902f-cc613c32e446,1.09,false,false,near_mint,en,USD,2026-09-16T15:27:19.834Z
Slither Blade,OTC,Outlaws of Thunder Junction Commander,114,normal,common,1,93725,859e5ca5-c184-47ee-a2ea-8075847f46d9,2.05,false,false,near_mint,en,USD,2026-09-16T15:27:19.835Z
Pulse of the Grid,DST,Darksteel,29,normal,rare,1,29632,b6805341-fa4f-4d89-8003-b27280fadfbd,0.4,false,false,near_mint,en,USD,2026-09-16T15:27:19.836Z
Spell Pierce,SOA,Secrets of Strixhaven Mystical Archive,23,normal,uncommon,1,112504,bc8f80e2-dd9d-4abc-b44c-fbef4d403e6f,0.35,false,false,near_mint,en,USD,2026-09-16T15:27:19.837Z
Eddymurk Crab,BLB,Bloomburrow,48,normal,uncommon,1,96132,e6d45abe-4962-47d9-a54e-7e623ea8647c,1.03,false,false,near_mint,en,USD,2026-09-16T15:27:19.838Z
Into the Flood Maw,BLB,Bloomburrow,52,normal,uncommon,1,95919,50b9575a-53d9-4df7-b86c-cda021107d3f,2.63,false,false,near_mint,en,USD,2026-09-16T15:27:19.839Z
Curiosity Crafter,SOC,Secrets of Strixhaven Commander,191,normal,rare,1,112036,930d830b-5e6a-422a-806e-fd7275517deb,0.37,false,false,near_mint,en,USD,2026-09-16T15:27:19.840Z
Harmonized Trio // Brainstorm,SOS,Secrets of Strixhaven,52,normal,rare,1,112353,617208ff-dd9b-44fd-a740-d3188081e5cc,0.66,false,false,near_mint,en,USD,2026-09-16T15:27:19.841Z
Wizard Class,BLC,Bloomburrow Commander,112,normal,uncommon,1,96326,6b429f7a-da0c-4570-87ed-9945a657fe11,3.6,false,false,near_mint,en,USD,2026-09-16T15:27:19.842Z
Change the Equation,MOM,March of the Machine,50,normal,uncommon,2,81258,e98db9ed-b43f-4bc1-b7a9-ce03a534d992,0.27,false,false,near_mint,en,USD,2026-09-16T15:27:19.754Z
Dazzling Denial,BLB,Bloomburrow,45,normal,common,3,96369,8739f1ac-2e57-4b52-a7ff-cc8df5936aad,0.22,false,false,near_mint,en,USD,2026-09-16T15:27:19.756Z
Spectral Denial,TDM,Tarkir: Dragonstorm,58,normal,uncommon,2,105037,ee4e732a-1ffd-463d-92c2-26187659cfc3,0.32,false,false,near_mint,en,USD,2026-09-16T15:27:19.759Z
Unending Whisper,TDM,Tarkir: Dragonstorm,62,normal,common,3,105070,fc48180a-ccac-469f-938d-c050821d0160,0.2,false,false,near_mint,en,USD,2026-09-16T15:27:19.763Z
Razzle-Dazzler,OTJ,Outlaws of Thunder Junction,63,normal,common,2,93430,f7d08008-9272-405e-82ef-566e6d42bb17,0.06,false,false,near_mint,en,USD,2026-09-16T15:27:19.768Z
Ioreth of the Healing House,LTR,The Lord of the Rings: Tales of Middle-earth,56,normal,uncommon,3,82827,03ab74cd-978a-49eb-9d38-bc8b472b3cef,0.38,false,false,near_mint,en,USD,2026-09-16T15:27:19.769Z
Jailbreak Scheme,OTJ,Outlaws of Thunder Junction,53,normal,common,3,93293,a4be8e47-9006-4770-8d99-68a684064a43,0.17,false,false,near_mint,en,USD,2026-09-16T15:27:19.803Z
Seize the Secrets,OTJ,Outlaws of Thunder Junction,64,normal,common,3,93076,1bdbdfa8-aa28-4b3d-95e7-3d0e7e37f982,0.15,false,false,near_mint,en,USD,2026-09-16T15:27:19.806Z
Flux Channeler,CMM,Commander Masters,847,normal,uncommon,2,84259,3c520263-6bad-4521-ba9e-192ca8223b07,3.31,false,false,near_mint,en,USD,2026-09-16T15:27:19.829Z
Possession Engine,DFT,Aetherdrift,302,normal,rare,1,103134,821045bd-c8e4-40fb-babd-5d13b64a71ec,0.37,false,false,near_mint,en,USD,2026-09-16T15:31:39.657Z
Junk Winder,BLC,Bloomburrow Commander,169,normal,uncommon,1,96168,0ee1b75a-18e3-43ce-a1db-b27fd1771279,0.31,false,false,near_mint,en,USD,2026-09-16T15:31:39.659Z
Fortune Teller's Talent,BLC,Bloomburrow Commander,14,normal,rare,1,96407,a1d43877-20ab-4e84-a597-4b5e03a6bf90,0.58,false,false,near_mint,en,USD,2026-09-16T15:31:39.660Z
Lock and Load,OTC,Outlaws of Thunder Junction Commander,15,normal,rare,1,93703,7a35de4b-5d98-4034-acc9-f38dc8c8f7d6,1.08,false,false,near_mint,en,USD,2026-09-16T15:31:39.662Z
Tezzeret's Gambit,M3C,Modern Horizons 3 Commander,194,normal,uncommon,1,94794,a48dd983-8d82-4404-a772-7e850c4f5a00,0.33,false,false,near_mint,en,USD,2026-09-16T15:31:39.663Z
"Nardole, Resourceful Cyborg",WHO,Doctor Who,50,normal,rare,1,87005,03a5c463-6b5c-49c9-84c9-666aa8c19fbf,0.24,false,false,near_mint,en,USD,2026-09-16T15:31:39.664Z
Encroaching Mycosynth,ONE,Phyrexia: All Will Be One,47,normal,rare,1,78592,65a2fcc9-2317-48a1-a5eb-234fb3300364,0.43,false,false,near_mint,en,USD,2026-09-16T15:31:39.665Z
Homunculus Horde,FDN,Foundations,41,normal,rare,1,100441,470c4d03-340a-4e0e-a59f-f19d05497785,0.96,false,false,near_mint,en,USD,2026-09-16T15:31:39.666Z
Spellshift,PLC,Planar Chaos,47,normal,rare,1,26487,f5c897a6-5835-42ac-8cc7-e8d9fc1e7c77,0.25,false,false,near_mint,en,USD,2026-09-16T15:31:39.667Z
Oath of Jace,CMM,Commander Masters,854,normal,rare,1,84942,da62e9a8-d1aa-4fea-abb7-50c10d40fa6a,0.35,false,false,near_mint,en,USD,2026-09-16T15:31:39.668Z
Ambling Stormshell,TDM,Tarkir: Dragonstorm,37,normal,rare,2,104942,c74d4a57-0f66-4965-9ed7-f88a08aa1d15,0.33,false,false,near_mint,en,USD,2026-09-16T15:31:39.669Z
Homunculus Horde,FDN,Foundations,308,normal,rare,1,100196,18dbb6ff-1262-44cc-8d36-153b2d3eace0,1.07,false,false,near_mint,en,USD,2026-09-16T15:31:39.670Z
Archmage of Runes,FDN,Foundations,304,normal,rare,1,100182,15f15cc5-c3dc-4830-aa55-13080c738739,4.81,false,false,near_mint,en,USD,2026-09-16T15:31:39.671Z
Stoic Sphinx,OTJ,Outlaws of Thunder Junction,71,normal,rare,1,93434,f93f5055-30d8-4fc4-afa5-29212e8c7536,0.23,false,false,near_mint,en,USD,2026-09-16T15:31:39.672Z
"Invasion of Segovia // Caetus, Sea Tyrant of Segovia",MOM,March of the Machine,63,normal,rare,1,81172,9df3e743-7bb8-482a-afd1-4d51119d416c,1.34,false,false,near_mint,en,USD,2026-09-16T15:31:39.673Z
Aether Channeler,BLC,Bloomburrow Commander,160,normal,rare,1,96201,213df60e-5ada-41ff-98e6-0ba094a6bed2,0.39,false,false,near_mint,en,USD,2026-09-16T15:31:39.674Z
Stolen by the Fae,BLC,Bloomburrow Commander,176,normal,rare,1,96264,40e3c160-3dff-4bf4-9be2-c2446f20a305,0.3,false,false,near_mint,en,USD,2026-09-16T15:31:39.675Z
Central Elevator // Promising Stairs,DSK,Duskmourn: House of Horror,44,normal,rare,1,98749,e548befc-4cd4-46be-951f-045452261cda,0.24,false,false,near_mint,en,USD,2026-09-16T15:31:39.676Z
"Goldberry, River-Daughter",LTR,The Lord of the Rings: Tales of Middle-earth,52,normal,rare,1,83463,bf4f0a7c-620e-4ed8-8da3-fa6564e8a0cd,0.92,false,false,near_mint,en,USD,2026-09-16T15:31:39.677Z
Mirage Mockery,ONC,Phyrexia: All Will Be One Commander,22,normal,rare,1,78597,67cead78-26fa-4cae-ba0e-925e28c26d53,0.34,false,false,near_mint,en,USD,2026-09-16T15:31:39.678Z
Lórien Revealed,LTR,The Lord of the Rings: Tales of Middle-earth,60,normal,common,1,82850,0ce44270-a684-4489-9077-521456e6dfaa,4.87,false,false,near_mint,en,USD,2026-09-16T15:31:39.680Z
Rangers of Ithilien,LTR,The Lord of the Rings: Tales of Middle-earth,66,normal,rare,1,83238,819b4208-7a29-41fa-947f-614bf669b300,0.22,false,false,near_mint,en,USD,2026-09-16T15:31:39.681Z
Azure Beastbinder,BLB,Bloomburrow,302,normal,rare,1,96138,f493ef3c-673b-4e70-b957-0ee7b6d38216,1.54,false,false,near_mint,en,USD,2026-09-16T15:31:39.682Z
Serum Sovereign,ONE,Phyrexia: All Will Be One,405,normal,rare,1,78620,70d562aa-8b49-40a3-a5c1-3af8afa98edc,0.26,false,false,near_mint,en,USD,2026-09-16T15:31:39.683Z
Lunar Insight,FDN,Foundations,46,normal,rare,1,100958,a9a159f6-fecf-4bdd-b2f8-a9665a5cc32d,0.24,false,false,near_mint,en,USD,2026-09-16T15:31:39.684Z
Ugin's Insight,M3C,Modern Horizons 3 Commander,196,normal,rare,1,95034,cbe80abe-cbc7-499b-92bb-accbf59bb138,0.23,false,false,near_mint,en,USD,2026-09-16T15:31:39.685Z
Leyline of Transformation,DSK,Duskmourn: House of Horror,63,normal,rare,1,98705,4bd941ca-f3d2-44c1-8df3-851362f6b848,0.57,false,false,near_mint,en,USD,2026-09-16T15:31:39.686Z
Shark Typhoon,DSC,Duskmourn: House of Horror Commander,127,normal,rare,3,99090,2b2accb1-d77b-4633-9d0c-b972d9c014bb,1.96,false,false,near_mint,en,USD,2026-09-16T15:31:39.658Z
"Alexios, Deimos of Kosmos",ACR,Assassin's Creed,134,normal,uncommon,2,95457,ab907c09-56c0-40ed-aebd-63b64c7e1c2e,0.36,false,false,near_mint,en,USD,2026-09-16T17:00:46.610Z
Coastal Piracy,ACR,Assassin's Creed,84,normal,uncommon,1,95306,1bdc8ac7-a9aa-4323-84c9-fa0cade02bd1,0.66,false,false,near_mint,en,USD,2026-09-16T17:03:37.289Z
Propaganda,ACR,Assassin's Creed,85,normal,uncommon,1,95356,4c7c9072-d14c-442c-a386-bfdc0cbe110d,3.46,false,false,near_mint,en,USD,2026-09-16T17:03:37.290Z
Eagle Vision,ACR,Assassin's Creed,17,normal,uncommon,1,95367,5197e8d6-cbfe-4469-95e1-f17eeb4715f1,0.38,false,false,near_mint,en,USD,2026-09-16T17:03:37.292Z
Desynchronization,ACR,Assassin's Creed,16,normal,rare,1,95343,3ddd3561-0143-40b7-81bc-640a978b8b15,5.91,false,false,near_mint,en,USD,2026-09-16T17:03:37.293Z
Abrade,INR,Innistrad Remastered,139,normal,common,2,102860,fee393c7-1868-4d11-93c3-3d143e0c8dd9,0.28,false,false,near_mint,en,USD,2026-09-16T20:59:14.782Z
Wildfire Howl,BLB,Bloomburrow,162,normal,uncommon,3,96059,7392d397-9836-4df2-944d-c930c9566811,0.17,false,false,near_mint,en,USD,2026-09-16T20:59:14.784Z
Artistic Process,SOS,Secrets of Strixhaven,108,normal,uncommon,2,112262,bce9d933-be58-4301-beb4-07b04d0b69f0,0.18,false,false,near_mint,en,USD,2026-09-16T20:59:14.785Z
Abrade,SOA,Secrets of Strixhaven Mystical Archive,37,normal,uncommon,1,112513,c5bb5307-e874-42c4-b85d-06b9f6c474c8,0.32,false,false,near_mint,en,USD,2026-09-16T20:59:14.786Z
Burst Lightning,SOA,Secrets of Strixhaven Mystical Archive,41,normal,uncommon,1,112539,f98b402a-ecdb-432f-a050-65945c8c415d,0.28,false,false,near_mint,en,USD,2026-09-16T20:59:14.787Z
Lightning Strike,M19,Core Set 2019,152,normal,uncommon,1,1160,084b7337-c06f-4cbf-8fc0-0b20c221f1dc,0.27,false,false,near_mint,en,USD,2026-09-16T20:59:14.788Z
Vengeful Possession,DSK,Duskmourn: House of Horror,162,normal,uncommon,1,98924,d6918d50-a4c3-40d8-9480-343f14773a69,0.3,false,false,near_mint,en,USD,2026-09-16T20:59:14.791Z
Prickly Pair,OTJ,Outlaws of Thunder Junction,137,normal,common,4,93398,e70f2278-8857-46e4-aa2b-fff5589b750f,0.1,false,false,near_mint,en,USD,2026-09-16T20:59:14.794Z
Brimstone Roundup,OTJ,Outlaws of Thunder Junction,115,normal,uncommon,1,93325,bd13011e-a4fc-4107-988f-60cfc851ecd3,0.18,false,false,near_mint,en,USD,2026-09-16T20:59:14.795Z
Hellspur Brute,OTJ,Outlaws of Thunder Junction,127,normal,uncommon,1,93130,3b99db5b-cd13-4e69-98b7-753e72c781f8,0.24,false,false,near_mint,en,USD,2026-09-16T20:59:14.796Z
Explosive Derailment,OTJ,Outlaws of Thunder Junction,122,normal,common,3,93417,f0e3df9c-0a86-4e6f-a3c7-84a883328a3d,0.27,false,false,near_mint,en,USD,2026-09-16T20:59:14.798Z
Take for a Ride,OTJ,Outlaws of Thunder Junction,148,normal,uncommon,1,93343,c8e2ff9c-0e98-46f9-a33c-739388c5f3d0,0.23,false,false,near_mint,en,USD,2026-09-16T20:59:14.799Z
Rodeo Pyromancers,OTJ,Outlaws of Thunder Junction,143,normal,common,3,93381,df877a29-06e1-474d-8600-410bbec674ae,0.23,false,false,near_mint,en,USD,2026-09-16T20:59:14.800Z
Deadeye Duelist,OTJ,Outlaws of Thunder Junction,119,normal,common,2,93403,e9a50b7a-8741-4520-8d45-8e6b128c2628,0.24,false,false,near_mint,en,USD,2026-09-16T20:59:14.801Z
Scorching Shot,OTJ,Outlaws of Thunder Junction,145,normal,uncommon,2,93433,f93d8357-83bd-4157-a389-68e4aa4985c8,0.39,false,false,near_mint,en,USD,2026-09-16T20:59:14.803Z
Thunder Salvo,OTJ,Outlaws of Thunder Junction,150,normal,common,3,93289,a0bf0ea9-0929-4d33-815a-6df29c399e7e,0.11,false,false,near_mint,en,USD,2026-09-16T20:59:14.804Z
Vicious Clown,DSK,Duskmourn: House of Horror,163,normal,common,3,98780,12649f73-9d29-4eed-bc89-cc0d1a8969e3,0.11,false,false,near_mint,en,USD,2026-09-16T20:59:14.805Z
Razorkin Hordecaller,DSK,Duskmourn: House of Horror,152,normal,uncommon,2,98945,f7fb0f11-d1d0-4941-a1a7-a2db88f30394,0.15,false,false,near_mint,en,USD,2026-09-16T20:59:14.806Z
Glassworks // Shattered Yard,DSK,Duskmourn: House of Horror,137,normal,common,3,98950,fe32f667-8d9f-4414-913e-256cbc2fbc45,0.21,false,false,near_mint,en,USD,2026-09-16T20:59:14.808Z
Ragged Playmate,DSK,Duskmourn: House of Horror,150,normal,common,6,98762,000499a4-3f39-4d25-a2a2-b2f014e30754,0.19,false,false,near_mint,en,USD,2026-09-16T20:59:14.789Z
Grab the Prize,DSK,Duskmourn: House of Horror,138,normal,common,4,98823,50895202-f1a1-4840-a11a-55b78b8b5929,0.45,false,false,near_mint,en,USD,2026-09-16T20:59:14.790Z
Betrayer's Bargain,DSK,Duskmourn: House of Horror,126,normal,uncommon,2,98850,7956ae00-8f0c-48f0-8110-19ff53863876,0.18,false,false,near_mint,en,USD,2026-09-16T21:04:25.740Z
Demonic Ruckus,OTJ,Outlaws of Thunder Junction,120,normal,uncommon,1,93175,5b491d11-d00a-4541-8389-2785a455eeee,0.28,false,false,near_mint,en,USD,2026-09-16T21:04:25.742Z
Highway Robbery,OTJ,Outlaws of Thunder Junction,129,normal,common,3,93110,31a88429-9204-4a23-a7a8-babbd6bab79f,0.35,false,false,near_mint,en,USD,2026-09-16T21:04:25.757Z
Ferocification,OTJ,Outlaws of Thunder Junction,123,normal,uncommon,1,93227,78db4260-6fc8-4500-afd7-2c845ac0d53b,0.19,false,false,near_mint,en,USD,2026-09-16T21:04:25.763Z
Fear of Burning Alive,DSK,Duskmourn: House of Horror,135,normal,uncommon,2,98900,b282f8e3-8b79-47e9-8c18-62284211442b,0.27,false,false,near_mint,en,USD,2026-09-16T21:04:25.766Z
Skewer the Critics,OTP,Breaking News,26,normal,uncommon,2,93286,9f3261b6-4f5c-4cf0-a396-1d9397603602,0.22,false,false,near_mint,en,USD,2026-09-16T21:04:25.767Z
Summon: G.F. Ifrit,FIN,Final Fantasy,163,normal,common,4,106648,c6c73092-5195-4bdc-b039-a699f6e297b2,0.2,false,false,near_mint,en,USD,2026-09-16T21:04:25.771Z
Hill Gigas,FIN,Final Fantasy,141,normal,common,2,106529,2a8b3e1e-5c10-4360-ac1c-83b2e026278c,0.12,false,false,near_mint,en,USD,2026-09-16T21:04:25.773Z
Ruthless Invasion,NPH,New Phyrexia,93,normal,common,1,19792,bc2bbff9-af57-4858-9351-d148b8c4bc3a,0.21,false,false,near_mint,en,USD,2026-09-16T21:04:25.776Z
Fireball,CLB,Commander Legends: Battle for Baldur's Gate,175,normal,uncommon,1,67529,df45a43e-a5b7-4fd4-873b-7b3c021be198,0.29,false,false,near_mint,en,USD,2026-09-16T21:04:25.777Z
Burst Lightning,FDN,Foundations,192,normal,common,3,100994,aec5d380-d354-4750-931a-6c91853e2edc,0.2,false,false,near_mint,en,USD,2026-09-16T21:04:25.778Z
Sunset Strikemaster,TDM,Tarkir: Dragonstorm,126,normal,uncommon,1,104394,f8f1a2f2-526d-4b2c-985b-0acfdc21a2ee,0.36,false,false,near_mint,en,USD,2026-09-16T21:04:25.779Z
Thrill of Possibility,FDN,Foundations,210,normal,common,5,101561,882b348c-076b-41d8-b505-063480636669,0.3,false,false,near_mint,en,USD,2026-09-16T21:04:25.780Z
Lightning Strike,DMU,Dominaria United,137,normal,common,2,71560,7d541125-bfb8-4f88-8bf3-ad7b6af7ad1d,0.19,false,false,near_mint,en,USD,2026-09-16T21:04:25.781Z
Devoted Duelist,TDM,Tarkir: Dragonstorm,104,normal,common,3,104354,bbf9c673-37b4-48ed-a9ea-13f8e3e6c47b,0.12,false,false,near_mint,en,USD,2026-09-16T21:04:25.784Z
Thrill of Possibility,ONE,Phyrexia: All Will Be One,151,normal,common,4,78440,1efd4ae5-0076-46a0-a113-58cfff53144f,0.28,false,false,near_mint,en,USD,2026-09-16T21:04:25.785Z
Diversion Specialist,DSK,Duskmourn: House of Horror,132,normal,uncommon,2,98895,acc9b17c-4210-49f4-a920-b1dc9dfa950f,0.08,false,false,near_mint,en,USD,2026-09-16T21:04:25.746Z
Outlaws' Fury,OTJ,Outlaws of Thunder Junction,136,normal,common,4,93428,f7502b9c-b759-499a-8e94-22f87f5eb142,0.17,false,false,near_mint,en,USD,2026-09-16T21:04:25.753Z
Caught in the Crossfire,OTJ,Outlaws of Thunder Junction,117,normal,uncommon,2,93127,3a2fd0c4-509e-49c2-ad57-f772efcbc207,0.14,false,false,near_mint,en,USD,2026-09-16T21:04:25.758Z
Suplex,FIN,Final Fantasy,164,normal,common,2,106376,f61693a2-7042-44e0-85ba-9bf12ab94e7e,0.23,false,false,near_mint,en,USD,2026-09-16T21:04:25.759Z
Pyroclasm,DSK,Duskmourn: House of Horror,149,normal,uncommon,2,98703,4391b0af-2f26-4a45-9e2a-5bd8e9838107,0.3,false,false,near_mint,en,USD,2026-09-16T21:04:25.761Z
Leonardo da Vinci,ACR,Assassin's Creed,118,normal,mythic,1,91735,bba0ca29-99a7-4cfd-8e16-e32ccaa5ee1e,4.71,false,false,near_mint,en,USD,2026-09-16T21:17:54.004Z
"Cleopatra, Exiled Pharaoh",ACR,Assassin's Creed,52,normal,mythic,1,91726,769bbbb3-37e9-47ec-9cee-db63672275e6,1.1,false,false,near_mint,en,USD,2026-09-16T21:17:54.005Z
"Kassandra, Eagle Bearer",ACR,Assassin's Creed,59,normal,mythic,1,95248,e127a40c-90c8-4c2d-aff4-daab1c56a4c5,2.44,false,false,near_mint,en,USD,2026-09-16T21:17:54.006Z
Mary Read and Anne Bonny,ACR,Assassin's Creed,61,normal,rare,1,95294,116bf8c6-8488-4eff-b350-b3ea821353b1,0.51,false,false,near_mint,en,USD,2026-09-16T21:17:54.007Z
Layla Hassan,ACR,Assassin's Creed,127,normal,rare,1,95378,597080d9-72a2-4da8-bcd5-53ac01da8503,0.83,false,false,near_mint,en,USD,2026-09-16T21:17:54.008Z
Jackdaw,ACR,Assassin's Creed,58,normal,rare,1,95390,63056bb9-e825-418a-a8ff-692980aa65fe,0.4,false,false,near_mint,en,USD,2026-09-16T21:17:54.009Z
Basim Ibn Ishaq,ACR,Assassin's Creed,141,normal,rare,1,95291,0e74cc38-108d-46d4-9d4b-43ed5653982a,5.65,false,false,near_mint,en,USD,2026-09-16T21:17:54.011Z
Jacob Frye,ACR,Assassin's Creed,27,normal,rare,2,95313,23422e75-e1c7-484b-aa1f-155ef9a998ec,0.33,false,false,near_mint,en,USD,2026-09-16T21:17:54.012Z
Desmond Miles,ACR,Assassin's Creed,24,normal,rare,1,95491,c9523cd1-c3cf-4745-af09-77c1a83ac86f,0.39,false,false,near_mint,en,USD,2026-09-16T21:17:54.013Z
Altaïr Ibn-La'Ahad,ACR,Assassin's Creed,45,normal,mythic,1,91716,358026de-ab7c-4a17-8cac-cfbee391b127,1.3,false,false,near_mint,en,USD,2026-09-16T21:17:54.014Z
Aveline de Grandpré,ACR,Assassin's Creed,40,normal,rare,1,95510,db3b4f73-e241-4d60-a877-25327092c291,0.38,false,false,near_mint,en,USD,2026-09-16T21:17:54.016Z
Haytham Kenway,ACR,Assassin's Creed,147,normal,rare,1,95315,23aa895d-659f-49cb-82af-fd8fa491004f,0.43,false,false,near_mint,en,USD,2026-09-16T21:17:54.017Z
The Capitoline Triad,ACR,Assassin's Creed,1,normal,mythic,1,95542,fa1b63ce-47d3-4633-9062-3fecd810e85f,2.29,false,false,near_mint,en,USD,2026-09-16T21:17:54.018Z
Ratonhnhaké:ton,ACR,Assassin's Creed,62,normal,rare,1,95322,2b16a212-602c-4839-9e34-fc5c5b0388f0,0.32,false,false,near_mint,en,USD,2026-09-16T21:17:54.019Z
"Havi, the All-Father",ACR,Assassin's Creed,56,normal,rare,1,95412,7c44cc99-eb71-4be3-89f2-74473f2717d3,0.31,false,false,near_mint,en,USD,2026-09-16T21:17:54.021Z
The Regalia,FIN,Final Fantasy,267,normal,rare,1,106665,dc420e79-c483-474f-97cd-e9c6a636c306,1.25,false,false,near_mint,en,USD,2026-09-16T21:17:54.022Z
Basim Ibn Ishaq,ACR,Assassin's Creed,49,normal,rare,2,95537,f8aa19c1-4e87-4f42-814c-490e75565f6e,2.4,false,false,near_mint,en,USD,2026-09-16T21:17:54.010Z
Lightning Strike,XLN,Ixalan,149,normal,uncommon,1,3863,f0f55dee-7e39-4183-8e74-844d9c299bf5,0.13,false,false,near_mint,en,USD,2026-09-17T03:21:19.426Z
Shock Brigade,TDM,Tarkir: Dragonstorm,120,normal,common,3,104700,66940466-8e9d-4a85-bfb0-e92189b7a121,0.21,false,false,near_mint,en,USD,2026-09-17T03:21:19.427Z
War Effort,TDM,Tarkir: Dragonstorm,131,normal,uncommon,2,105007,dd7f0413-c009-4c08-b877-9c1b776cbf26,0.2,false,false,near_mint,en,USD,2026-09-17T03:21:19.428Z
Dragon Fodder,FDN,Foundations,535,normal,common,1,101626,f9abe517-f601-4784-8d62-2350bd755146,0.13,false,false,near_mint,en,USD,2026-09-17T03:21:19.429Z
Goblin Oriflamme,FDN,Foundations,539,normal,uncommon,2,101467,0259e4d8-849b-468e-a902-aa1d7f2d5b6a,0.42,false,false,near_mint,en,USD,2026-09-17T03:21:19.432Z
Shock,MKM,Murders at Karlov Manor,144,normal,common,3,90741,298747bb-eb40-4b58-bb22-4ac2bc1d795c,0.21,false,false,near_mint,en,USD,2026-09-17T03:21:19.433Z
Goblin Surprise,FDN,Foundations,200,normal,common,2,101512,527dd5d4-5f72-40bb-8a9d-1f5ac3f81e2e,0.21,false,false,near_mint,en,USD,2026-09-17T03:21:19.434Z
Furnace Host Charger,MOM,March of the Machine,140,normal,common,1,81320,2d142ded-a2df-41b0-9c02-056b5f34abab,0.12,false,false,near_mint,en,USD,2026-09-17T03:21:19.435Z
Oliphaunt,LTR,The Lord of the Rings: Tales of Middle-earth,139,normal,common,1,83161,6989018c-37b1-4282-a4af-9cc97f160b4d,0.31,false,false,near_mint,en,USD,2026-09-17T03:21:19.436Z
Cragsmasher Yeti,MOM,March of the Machine,333,normal,common,1,81268,ee7a4ccb-c0c9-491f-9475-e78895fa9d03,0.23,false,false,near_mint,en,USD,2026-09-17T03:21:19.437Z
Coronation of Chaos,CLB,Commander Legends: Battle for Baldur's Gate,168,normal,common,1,69139,8647092a-9d09-42cb-bcda-4e5e7a6c8a1c,0.15,false,false,near_mint,en,USD,2026-09-17T03:21:19.438Z
Thrill of Possibility,DMU,Dominaria United,148,normal,common,1,71327,25e5dc88-9573-4eaa-bd37-eb0dee4add03,0.34,false,false,near_mint,en,USD,2026-09-17T03:21:19.440Z
Bloodboil Sorcerer,CLB,Commander Legends: Battle for Baldur's Gate,164,normal,uncommon,1,68839,0bdf1222-2fc5-4dae-a7a5-6ba774b02843,0.26,false,false,near_mint,en,USD,2026-09-17T03:21:19.441Z
Shiny Impetus,TDC,Tarkir: Dragonstorm Commander,231,normal,common,1,104956,cc36705f-9b1a-42fe-bebd-f23c7af8a368,0.26,false,false,near_mint,en,USD,2026-09-17T03:21:19.443Z
Zurgo's Vanguard,TDM,Tarkir: Dragonstorm,133,normal,uncommon,1,104846,a1aa3501-5738-4063-a7f4-51d2600b0041,0.28,false,false,near_mint,en,USD,2026-09-17T03:21:19.444Z
Pillage,MH1,Modern Horizons,139,normal,uncommon,1,44795,bdd06d55-a40f-4b0e-905b-3cd0ce12eb82,0.25,false,false,near_mint,en,USD,2026-09-17T03:21:19.445Z
Painter's Studio // Defaced Gallery,DSK,Duskmourn: House of Horror,147,normal,uncommon,1,99393,e96901eb-5b57-43f4-a7b1-ae3b809bc36e,0.27,false,false,near_mint,en,USD,2026-09-17T03:21:19.457Z
Oliphaunt,LTR,The Lord of the Rings: Tales of Middle-earth,426,normal,common,1,83667,fa65958a-f601-472e-a9b6-42650b97fa44,0.28,false,false,near_mint,en,USD,2026-09-17T03:21:19.463Z
Rose Room Treasurer,BLC,Bloomburrow Commander,201,normal,rare,1,96406,a13c1103-91d0-4aef-8ece-e7ceb25ffdfb,0.32,false,false,near_mint,en,USD,2026-09-17T03:21:19.464Z
Red Sun's Twilight,ONE,Phyrexia: All Will Be One,145,normal,rare,1,78649,7cac1827-69af-469d-b88c-fb9f2f33866a,0.31,false,false,near_mint,en,USD,2026-09-17T03:21:19.465Z
Mizzium Mortars,GK1,GRN Guild Kit,32,normal,rare,1,114,bef58faf-4d5e-4c66-9780-28abfc4c0c69,0.65,false,false,near_mint,en,USD,2026-09-17T03:21:19.466Z
Hordeling Outburst,ONC,Phyrexia: All Will Be One Commander,100,normal,uncommon,1,78847,c80c53a3-a2de-4e54-a50a-2eabb2ceb67c,0.69,false,false,near_mint,en,USD,2026-09-17T03:21:19.467Z
Light Up the Stage,FCA,Final Fantasy: Through the Ages,39,normal,uncommon,1,106407,686150d8-1d01-4c4f-8e4d-61ada78d6859,0.33,false,false,near_mint,en,USD,2026-09-17T03:21:19.468Z
Untimely Malfunction,DSK,Duskmourn: House of Horror,161,normal,uncommon,1,98864,857bfb0e-17dc-4dda-bc37-3df927a9eae6,9.08,false,false,near_mint,en,USD,2026-09-17T03:21:19.469Z
The Rollercrusher Ride,DSK,Duskmourn: House of Horror,155,normal,mythic,1,98842,70019956-fca1-4090-b3b6-6a963528e05b,0.66,false,false,near_mint,en,USD,2026-09-17T03:21:19.470Z
Skullcrack,OTP,Breaking News,27,normal,rare,1,93060,170a06cd-501e-43c8-98e0-63ebd61cc0aa,0.29,false,false,near_mint,en,USD,2026-09-17T03:21:19.472Z
Waltz of Rage,DSK,Duskmourn: House of Horror,165,normal,rare,1,99293,abf17d8b-12bc-4122-865d-50cf91f04f67,0.32,false,false,near_mint,en,USD,2026-09-17T03:21:19.473Z
Memory Vessel,BIG,The Big Score,13,normal,mythic,1,93557,2e37a5cd-887d-4b41-97f7-ae0bba85436b,0.32,false,false,near_mint,en,USD,2026-09-17T03:21:19.474Z
Indomitable Creativity,OTP,Breaking News,25,normal,mythic,1,93069,18cb625b-a41f-4f3b-8f56-257a3795aa8f,0.46,false,false,near_mint,en,USD,2026-09-17T03:21:19.475Z
Inferno Titan,LTC,Tales of Middle-earth Commander,223,normal,mythic,1,83559,db61b57c-b870-41af-87b7-037ec52fe063,0.28,false,false,near_mint,en,USD,2026-09-17T03:21:19.476Z
Return the Favor,OTJ,Outlaws of Thunder Junction,142,normal,uncommon,1,93298,a9cc02d1-799d-42aa-9bc2-4c05452b63b4,0.99,false,false,near_mint,en,USD,2026-09-17T03:21:19.478Z
Rising of the Day,LTR,The Lord of the Rings: Tales of Middle-earth,145,normal,uncommon,2,83538,d4fbcac6-8ac9-44a8-9d1a-03d0799ac253,0.68,false,false,near_mint,en,USD,2026-09-17T03:21:19.479Z
Devilish Valet,BLC,Bloomburrow Commander,195,normal,rare,1,96393,991eca84-5562-40e1-bc63-12dc469779b6,0.3,false,false,near_mint,en,USD,2026-09-17T03:21:19.480Z
Fire Magic,FIN,Final Fantasy,136,normal,uncommon,1,105601,415ff6a5-61ef-4b37-ae08-e44476300d4a,0.66,false,false,near_mint,en,USD,2026-09-17T03:21:19.482Z
Slagstorm,FDN,Foundations,207,normal,rare,1,100896,9db2e3a9-b90d-44cd-a2bd-eeb7dbe255b0,0.32,false,false,near_mint,en,USD,2026-09-17T03:21:19.484Z
Breath Weapon,CLB,Commander Legends: Battle for Baldur's Gate,165,normal,common,1,68819,0174e40a-0ef5-4439-91e6-3fc39f482520,7.5,false,false,near_mint,en,USD,2026-09-17T03:21:19.485Z
Searslicer Goblin,FDN,Foundations,93,normal,rare,1,100845,94ad0b97-a318-4e76-ac79-b3e83417c333,1.24,false,false,near_mint,en,USD,2026-09-17T03:21:19.486Z
Wrenn's Resolve,MOM,March of the Machine,173,normal,common,2,81419,9a47999c-12d5-4e1a-a9c1-40a1757007f1,2.52,false,false,near_mint,en,USD,2026-09-17T03:21:19.488Z
Hew the Entwood,LTR,The Lord of the Rings: Tales of Middle-earth,136,normal,mythic,1,83237,81940498-a5bf-4bcd-b06d-8816887b2a2b,0.47,false,false,near_mint,en,USD,2026-09-17T03:21:19.490Z
Echoing Assault,BLC,Bloomburrow Commander,24,normal,rare,1,96240,3213bfee-c0a0-49a2-9080-cdaa09b414c5,0.35,false,false,near_mint,en,USD,2026-09-17T03:21:19.491Z
Cori-Steel Cutter,TDM,Tarkir: Dragonstorm,103,normal,rare,1,104608,490eb213-9ae2-4b45-abec-6f1dfc83792a,5.17,false,false,near_mint,en,USD,2026-09-17T03:21:19.492Z
Abrade,SOC,Secrets of Strixhaven Commander,234,normal,uncommon,3,111857,1add1757-c1f8-448a-b279-c6940fb7ad5f,0.3,false,false,near_mint,en,USD,2026-09-17T03:21:19.423Z
Hazardous Blast,ONE,Phyrexia: All Will Be One,135,normal,common,3,78374,0380a4c9-a5d3-465f-8584-e546b54f91e0,0.28,false,false,near_mint,en,USD,2026-09-17T03:21:19.425Z
Thunder Magic,FIN,Final Fantasy,165,normal,common,3,106610,9f2b202c-91da-40ec-8324-6b6be7cb3bc8,0.36,false,false,near_mint,en,USD,2026-09-17T03:21:19.450Z
Monstrous Rage,SOA,Secrets of Strixhaven Mystical Archive,45,normal,uncommon,2,112439,4b2e000b-a147-443b-9138-9ff2d16c0422,0.27,false,false,near_mint,en,USD,2026-09-17T03:21:19.477Z
Starstorm,40K,"Warhammer 40,000 Commander",208,normal,rare,3,72489,b45264cb-67d0-4dfb-9229-61c4e90c760a,0.38,false,false,near_mint,en,USD,2026-09-17T03:21:19.487Z
Urabrask's Forge,ONE,Phyrexia: All Will Be One,153,normal,rare,1,78603,68f9f9d8-9ea0-4608-a79c-a09a87918186,1.11,false,false,near_mint,en,USD,2026-09-17T11:04:54.271Z
Goblin Dark-Dwellers,LTC,Tales of Middle-earth Commander,219,normal,rare,1,83504,cb2091cb-4c20-4210-9917-6632c1d39dc1,0.29,false,false,near_mint,en,USD,2026-09-17T11:04:54.272Z
Treasure Nabber,LTC,Tales of Middle-earth Commander,230,normal,rare,1,82947,27822718-27eb-484d-94b9-55fbe3fc03cc,2.16,false,false,near_mint,en,USD,2026-09-17T11:04:54.273Z
Fanatic of Mogis,THS,Theros,121,normal,uncommon,1,15543,581eaadb-442b-40c9-b8f9-9e19d5eba824,0.39,false,false,near_mint,en,USD,2026-09-17T11:04:54.275Z
Skirk Prospector,DMR,Dominaria Remastered,137,normal,common,1,77990,7bc508b3-8b38-4cf0-89a7-a2cb247ed083,0.31,false,false,near_mint,en,USD,2026-09-17T11:04:54.276Z
Inferno Titan,BLC,Bloomburrow Commander,198,normal,mythic,1,96302,5b99f2f2-7000-401a-9201-b604238baf7a,0.25,false,false,near_mint,en,USD,2026-09-17T11:04:54.278Z
Flametongue Kavu,DMR,Dominaria Remastered,120,normal,uncommon,1,77801,1b3a5139-3341-409e-be33-184897c7398e,0.21,false,false,near_mint,en,USD,2026-09-17T11:04:54.279Z
"Breeches, Brazen Plunderer",LCC,The Lost Caverns of Ixalan Commander,217,normal,uncommon,1,89056,fb6dc94e-9b57-4161-a835-15e46c3bb13a,0.21,false,false,near_mint,en,USD,2026-09-17T11:04:54.280Z
Firebolt,MH1,Modern Horizons,122,normal,uncommon,1,44812,882b8f98-ee51-4c94-a3eb-c79eb2b50d78,0.24,false,false,near_mint,en,USD,2026-09-17T11:04:54.283Z
Rush the Room,LTR,The Lord of the Rings: Tales of Middle-earth,147,normal,common,1,83646,f525b727-acde-427b-9c33-20964e8cf613,0.14,false,false,near_mint,en,USD,2026-09-17T11:04:54.284Z
Burn Away,CN2,Conspiracy: Take the Crown,151,normal,uncommon,1,7946,b09c774a-0ea0-4bb8-9195-ea2d83461e75,0.15,false,false,near_mint,en,USD,2026-09-17T11:04:54.286Z
Reduce to Ashes,CLU,Ravnica: Clue Edition,145,normal,common,1,90812,3e2a218b-2d22-4ffa-860c-27f461480fcd,0.08,false,false,near_mint,en,USD,2026-09-17T11:04:54.287Z
Swift Kick,KTK,Khans of Tarkir,122,normal,common,1,13276,2dc3120c-7e04-4c4a-af16-da264593a1d1,0.04,false,false,near_mint,en,USD,2026-09-17T11:04:54.288Z
Dragon Fodder,MM3,Modern Masters 2017,93,normal,common,1,6120,a90e1524-d94a-4aba-ab2a-ba2b006cadbe,0.32,false,false,near_mint,en,USD,2026-09-17T11:04:54.289Z
Goblin Negotiation,FDN,Foundations,88,normal,uncommon,1,101335,f2016585-e26c-4d13-b09f-af6383c192f7,0.24,false,false,near_mint,en,USD,2026-09-17T11:04:54.291Z
Battle-Scarred Goblin,LTR,The Lord of the Rings: Tales of Middle-earth,115,normal,common,1,83436,b91859de-1983-4c9c-a9e6-289c7dba1eb4,0.18,false,false,near_mint,en,USD,2026-09-17T11:04:54.295Z
Goblin Surveyor,DFT,Aetherdrift,131,normal,common,1,103313,e1efffe9-00f8-4177-a9e6-4ad62887d32f,0.15,false,false,near_mint,en,USD,2026-09-17T11:04:54.297Z
Infernal Plunge,ISD,Innistrad,148,normal,common,1,18750,b3f50e17-c29c-4d2c-b3e7-45d1216b81ea,0.43,false,false,near_mint,en,USD,2026-09-17T11:04:54.299Z
Frenzied Goblin,FDN,Foundations,199,normal,uncommon,1,101602,d5592573-2889-40b1-b1d5-c2802482549a,0.22,false,false,near_mint,en,USD,2026-09-17T11:04:54.301Z
Scytheclaw Raptor,LCI,The Lost Caverns of Ixalan,165,normal,uncommon,1,88702,9436cf62-56d6-4662-9982-72e9be80d25c,0.33,false,false,near_mint,en,USD,2026-09-17T11:04:54.303Z
Goblin Fireleaper,LTR,The Lord of the Rings: Tales of Middle-earth,133,normal,uncommon,1,83620,ec120dae-8c40-4053-9341-1f7774464634,0.18,false,false,near_mint,en,USD,2026-09-17T11:04:54.304Z
Barrage of Expendables,M14,Magic 2014,127,normal,uncommon,1,15924,b9e0912d-b4b9-497c-bce7-ed80b79bab32,0.3,false,false,near_mint,en,USD,2026-09-17T11:04:54.306Z
Valley Rally,BLB,Bloomburrow,159,normal,uncommon,1,95878,b6178258-1ad6-4122-a56f-6eb7d0611e84,0.18,false,false,near_mint,en,USD,2026-09-17T11:04:54.308Z
Samut's Sprint,WAR,War of the Spark,142,normal,common,1,44262,94bda699-2b5d-4f5b-bee5-792b99d2b64a,0.2,false,false,near_mint,en,USD,2026-09-17T11:04:54.312Z
Invasion of Mercadia // Kyren Flamewright,MOM,March of the Machine,147,normal,uncommon,1,81055,407d6723-bf58-403e-b2ac-ba52c51d356f,0.25,false,false,near_mint,en,USD,2026-09-17T11:04:54.316Z
Faithless Looting,SOC,Secrets of Strixhaven Commander,244,normal,common,1,112201,fc019ffa-4461-4f3d-ab8d-e4d20e77ca0c,0.37,false,false,near_mint,en,USD,2026-09-17T11:04:54.321Z
Calamity of Cinders,BLC,Bloomburrow Commander,23,normal,rare,1,96392,97c72d4b-a5d4-4f68-bbcd-b7ed0326fc1c,0.3,false,false,near_mint,en,USD,2026-09-17T11:04:54.323Z
Brash Taunter,DSC,Duskmourn: House of Horror Commander,161,normal,rare,3,99086,275f8721-a6e5-489b-851f-1676aad5ec39,4.54,false,false,near_mint,en,USD,2026-09-17T11:04:54.274Z
"Gimli, Counter of Kills",LTR,The Lord of the Rings: Tales of Middle-earth,129,normal,uncommon,1,82948,28b41c48-0715-49d9-98e5-e82b706da816,0.27,false,false,near_mint,en,USD,2026-09-17T11:10:12.712Z
"Vaan, Street Thief",FIN,Final Fantasy,168,normal,rare,1,106549,50e1ec29-9de3-4f1b-b818-057e030d475b,0.34,false,false,near_mint,en,USD,2026-09-17T11:10:12.713Z
"Calamity, Galloping Inferno",OTJ,Outlaws of Thunder Junction,116,normal,rare,1,93399,e7a70f5a-2056-4c26-b6ea-9f751b5d0d8c,0.33,false,false,near_mint,en,USD,2026-09-17T11:10:12.714Z
Dracosaur Auxiliary,DFT,Aetherdrift,122,normal,uncommon,1,103636,cf800b8c-d08e-4644-8ed2-11b839153861,0.19,false,false,near_mint,en,USD,2026-09-17T11:10:12.715Z
Hearthborn Battler,BLB,Bloomburrow,139,normal,rare,1,95965,bef1cf5c-9738-4062-8cb1-87a372d36687,0.3,false,false,near_mint,en,USD,2026-09-17T11:10:12.716Z
Charred Foyer // Warped Space,DSK,Duskmourn: House of Horror,340,normal,mythic,1,98914,c802966b-642c-4560-9c8e-e04adc9f41a4,4.36,false,false,near_mint,en,USD,2026-09-17T11:10:12.717Z
"Malcolm, the Eyes",OTJ,Outlaws of Thunder Junction,219,normal,rare,1,93159,521dffaa-813b-41e4-b7c2-a8c407167875,0.31,false,false,near_mint,en,USD,2026-09-17T11:10:12.718Z
Return the Favor,SOA,Secrets of Strixhaven Mystical Archive,47,normal,uncommon,1,112535,e968efff-635b-4780-9bbe-099e75a1841b,0.64,false,false,near_mint,en,USD,2026-09-17T11:10:12.719Z
Choreographed Sparks,SOS,Secrets of Strixhaven,111,normal,rare,2,112564,0cda4235-4dce-48fe-a8a5-2a952dedbe25,0.33,false,false,near_mint,en,USD,2026-09-17T11:12:45.577Z
"Kraum, Violent Cacophony",OTJ,Outlaws of Thunder Junction,214,normal,uncommon,1,93270,958a3e6b-7e20-40ea-8b2c-7c728934b5e5,0.21,false,false,near_mint,en,USD,2026-09-17T11:13:52.177Z
"Kitsa, Otterball Elite",BLB,Bloomburrow,304,normal,mythic,1,96122,d0bbfdc9-8d68-4b4e-ac68-ac165cdc168d,7.44,false,false,near_mint,en,USD,2026-09-17T11:15:31.254Z
Fiery Inscription,LTR,The Lord of the Rings: Tales of Middle-earth,126,normal,uncommon,1,83276,8c321159-43e5-40fc-9f0c-4ecc4f6cfd20,0.51,false,false,near_mint,en,USD,2026-09-17T11:15:31.255Z
Pyretic Ritual,SOA,Secrets of Strixhaven Mystical Archive,46,normal,rare,1,112531,e4507ef5-0d30-42ca-b305-f99c6e10432b,7.07,false,false,near_mint,en,USD,2026-09-17T11:15:31.256Z
D'Avenant Healer,TSP,Time Spiral,11,normal,common,1,26889,deac6492-ce39-4137-8418-6169d3b1b632,0.12,false,false,near_mint,en,USD,2026-09-17T11:20:29.144Z
Cat Collector,FDN,Foundations,4,normal,uncommon,1,100507,526fe356-bff1-4211-9e88-bf913ac76b1d,0.25,false,false,near_mint,en,USD,2026-09-17T11:20:29.145Z
Twinblade Blessing,FDN,Foundations,26,normal,uncommon,2,101310,ecf01cbe-9fcb-4f35-bc6b-2280620b06ff,0.23,false,false,near_mint,en,USD,2026-09-17T11:20:29.146Z
Mirran Bardiche,ONE,Phyrexia: All Will Be One,22,normal,common,1,78479,3006ea5a-5391-41eb-b0c8-092741dca2eb,0.09,false,false,near_mint,en,USD,2026-09-17T11:20:29.147Z
Trained Caracal,RTR,Return to Ravnica,27,normal,common,3,17395,797e45d1-d17d-40c0-bfdf-ec533784e676,0.12,false,false,near_mint,en,USD,2026-09-17T11:20:29.148Z
Icatian Javelineers,ATH,Anthologies,7,normal,common,1,35611,2b349967-79ae-4df3-95b1-73b4406c14b0,0.64,false,false,near_mint,en,USD,2026-09-17T11:20:29.149Z
Trenching Steed,PCY,Prophecy,26,normal,common,1,33654,9a359837-2e41-4ddc-9299-89a783d62014,0.17,false,false,near_mint,en,USD,2026-09-17T11:20:29.150Z
Alabaster Kirin,KTK,Khans of Tarkir,4,normal,common,1,13394,ad1ce529-06ed-4e85-9988-8c8b58401ed5,0.03,false,false,near_mint,en,USD,2026-09-17T11:20:29.151Z
Jolly Gerbils,BLB,Bloomburrow,19,normal,uncommon,1,96167,0eab51d6-ba17-4a8c-8834-25db363f2b6b,0.18,false,false,near_mint,en,USD,2026-09-17T11:20:29.152Z
Icewind Stalwart,CLB,Commander Legends: Battle for Baldur's Gate,27,normal,common,1,69222,aeb153e2-345d-4993-9f2d-f0d0ddfbc8a7,0.17,false,false,near_mint,en,USD,2026-09-17T11:20:29.153Z
Felidar Savior,FDN,Foundations,12,normal,common,2,97191,cd092b14-d72f-4de0-8f19-1338661b9e3b,0.18,false,false,near_mint,en,USD,2026-09-17T11:20:29.154Z
Capashen Knight,M14,Magic 2014,11,normal,common,1,16040,78802af4-46b5-4bac-8cdf-5b77d0b19895,0.13,false,false,near_mint,en,USD,2026-09-17T11:20:29.155Z
Youthful Valkyrie,FDN,Foundations,149,normal,uncommon,1,100894,9d795f79-c3a5-4ea1-a5cf-1ce73d6837b6,0.36,false,false,near_mint,en,USD,2026-09-17T11:20:29.156Z
Mouse Trapper,BLB,Bloomburrow,22,normal,uncommon,1,95948,8ba1bc5a-03e7-44ec-893e-44042cbc02ef,0.24,false,false,near_mint,en,USD,2026-09-17T11:20:29.157Z
Mischievous Pup,FDN,Foundations,144,normal,uncommon,2,100670,7214d984-6400-44d7-bde6-57d96b606e78,0.17,false,false,near_mint,en,USD,2026-09-17T11:20:29.158Z
Mine Bearer,PCY,Prophecy,16,normal,common,1,33664,a8151510-2445-4244-b851-ab332b908170,0.09,false,false,near_mint,en,USD,2026-09-17T11:20:29.159Z
Ajani's Sunstriker,CNS,Conspiracy,66,normal,common,1,14354,373d6799-e031-4043-8437-ed4880be0de9,0.29,false,false,near_mint,en,USD,2026-09-17T11:20:29.160Z
Pegasus Charger,9ED,Ninth Edition,34,normal,common,1,28329,0d0dee73-4df3-4b2f-9420-b23e6ced65c0,0.22,false,false,near_mint,en,USD,2026-09-17T11:20:29.161Z
Sacred Cat,AKH,Amonkhet,27,normal,common,1,5658,08891c78-13c1-4d84-aa9c-78346b3b7d18,0.48,false,false,near_mint,en,USD,2026-09-17T11:20:29.162Z
Bishop's Soldier,FDN,Foundations,491,normal,common,1,101478,16dfd7b3-6d01-4e98-aec3-b27e8e2444e8,0.14,false,false,near_mint,en,USD,2026-09-17T11:20:29.163Z
Gryff's Boon,INR,Innistrad Remastered,25,normal,uncommon,1,102697,a01e7a3f-9654-4f72-8adc-20dad0b5d14e,0.34,false,false,near_mint,en,USD,2026-09-17T11:20:29.165Z
Topplegeist,SOI,Shadows over Innistrad,45,normal,uncommon,1,8951,ec9e8653-13ae-446c-b341-85c9b3fa6ca8,0.22,false,false,near_mint,en,USD,2026-09-17T11:20:29.166Z
Frantic Purification,TOR,Torment,6,normal,common,2,31735,04f156d1-2655-42aa-a785-d8eb15cb5422,0.19,false,false,near_mint,en,USD,2026-09-17T11:20:29.167Z
Escape from Orthanc,LTR,The Lord of the Rings: Tales of Middle-earth,12,normal,common,2,83644,f4ff3330-dcca-4435-87e7-871be91a68b0,0.18,false,false,near_mint,en,USD,2026-09-17T11:20:29.168Z
Smite the Monstrous,KTK,Khans of Tarkir,24,normal,common,2,13374,1405bb2e-2204-43ab-82a3-5d0c8537325a,0.05,false,false,near_mint,en,USD,2026-09-17T11:20:29.169Z
Rhystic Shield,PCY,Prophecy,20,normal,common,2,33660,49af7b3f-f56a-4102-b398-5c215dd4fa11,0.1,false,false,near_mint,en,USD,2026-09-17T11:20:29.170Z
Divine Verdict,W17,Welcome Deck 2017,1,normal,common,1,5868,d6686a8d-9cf9-4787-9cf4-1aff8366f7ca,0.08,false,false,near_mint,en,USD,2026-09-17T11:20:29.171Z
Borrowed Grace,EMN,Eldritch Moon,14,normal,common,1,8323,f0067567-3434-4c12-9d4d-04ffc98d012c,0.08,false,false,near_mint,en,USD,2026-09-17T11:20:29.172Z
Krang & Shredder,TMT,Teenage Mutant Ninja Turtles,153,normal,rare,1,110937,9b5437e2-e3f4-4c19-a2aa-a75f65a001bb,0.41,false,false,near_mint,en,USD,2026-09-17T11:27:14.753Z
"Obeka, Splitter of Seconds",OTJ,Outlaws of Thunder Junction,222,normal,rare,1,93029,03415c42-086e-4a2e-9be8-5cdcde83f134,0.29,false,false,near_mint,en,USD,2026-09-17T11:27:14.754Z
Knollspine Dragon,LTC,Tales of Middle-earth Commander,224,normal,rare,1,82920,20dcd98d-01c8-45be-97ed-993a73b01b9c,0.4,false,false,near_mint,en,USD,2026-09-17T11:27:14.755Z
Inspired Tinkering,CLB,Commander Legends: Battle for Baldur's Gate,183,normal,uncommon,1,69271,c1e6b1d3-1ac2-4f20-997e-25c93f1f7897,2.04,false,false,near_mint,en,USD,2026-09-17T11:27:14.756Z
Rising of the Day,LTR,The Lord of the Rings: Tales of Middle-earth,427,normal,uncommon,1,83208,7a06a653-eca1-4fee-add5-45d2594885c3,0.6,false,false,near_mint,en,USD,2026-09-17T11:27:14.757Z
Rummaging Goblin,XLN,Ixalan,160,normal,common,1,3852,8342ad27-f2cd-47c3-bc30-6fae8523f250,0.21,false,false,near_mint,en,USD,2026-09-17T11:27:14.758Z
Unholy Heat,H2R,Modern Horizons 2 Timeshifts,13,normal,common,1,94541,909bb097-1f7c-4d5b-be83-426d84e382c3,0.73,false,false,near_mint,en,USD,2026-09-17T11:27:14.760Z
Queen Brahne,FIN,Final Fantasy,149,normal,uncommon,1,106414,c38c98bb-74c9-460f-9997-ea5c5f922347,0.26,false,false,near_mint,en,USD,2026-09-17T11:27:14.761Z
Steal the Show,SOS,Secrets of Strixhaven,130,normal,rare,1,112246,7ac6649f-980e-4404-9c05-458c30578ecc,0.29,false,false,near_mint,en,USD,2026-09-17T11:27:14.762Z
Lightning Bolt,CLB,Commander Legends: Battle for Baldur's Gate,187,normal,common,1,67522,ae5f9fb1-5a55-4db3-98a1-2628e3598c18,2.0,false,false,near_mint,en,USD,2026-09-17T11:27:14.763Z
"Mahadi, Emporium Master",CLB,Commander Legends: Battle for Baldur's Gate,282,normal,uncommon,1,69277,c3da2b1a-76c5-4d36-bdf8-025b86f61eb5,1.36,false,false,near_mint,en,USD,2026-09-17T11:29:45.499Z
Fear of Missing Out,DSK,Duskmourn: House of Horror,316,normal,rare,1,98598,45b924a5-6533-4ca6-bd2e-32debdfb6c08,3.45,false,false,near_mint,en,USD,2026-09-17T11:29:45.500Z
"The Sentry, Golden Guardian",MSH,Marvel Super Heroes,35,normal,rare,1,110048,3f56c0e7-5b07-48e3-b0ca-5d09ddc8de9a,0.35,false,false,near_mint,en,USD,2026-09-17T11:29:45.501Z
Bearer of the Heavens,JOU,Journey into Nyx,89,normal,rare,1,14560,061d9fa5-a8e0-4263-9804-22d648554eba,0.42,false,false,near_mint,en,USD,2026-09-17T11:29:45.502Z
"Misty Knight, Hero for Hire",MSH,Marvel Super Heroes,145,normal,uncommon,1,113758,6b963642-a103-44a0-9eb7-9c3fdde181b7,0.25,false,false,near_mint,en,USD,2026-09-17T11:29:45.503Z
Sonar Strike,BLB,Bloomburrow,32,normal,common,1,96093,a50da179-751f-47a8-a547-8c4a291ed381,0.21,false,false,near_mint,en,USD,2026-09-17T17:13:55.175Z
Erase,KTK,Khans of Tarkir,9,normal,common,1,13389,d1dd0e10-2ad7-467f-8d4b-c70b95bf2e9c,0.09,false,false,near_mint,en,USD,2026-09-17T17:13:55.176Z
Angelic Intervention,MOM,March of the Machine,5,normal,common,2,81301,09fb5876-5b47-4a05-be57-7ad3890c8953,0.28,false,false,near_mint,en,USD,2026-09-17T17:13:55.177Z
Rebellious Strike,TDM,Tarkir: Dragonstorm,20,normal,common,2,104949,c9bafe19-3bd6-4da0-b3e5-e0b89262504c,0.36,false,false,near_mint,en,USD,2026-09-17T17:13:55.180Z
Nettle Guard,BLB,Bloomburrow,23,normal,common,2,95949,8c9c3cc3-2aa2-453e-a17c-2baeeaabe0a9,0.14,false,false,near_mint,en,USD,2026-09-17T17:13:55.181Z
Midnight Duelist,AVR,Avacyn Restored,27,normal,common,1,18251,2371bd0c-ca38-4a62-b525-bef4d1ca0646,0.03,false,false,near_mint,en,USD,2026-09-17T17:13:55.182Z
Serra Paladin,HML,Homelands,17,normal,common,2,39280,7bd25adf-4d97-4229-abdb-1c060036cfbd,0.13,false,false,near_mint,en,USD,2026-09-17T17:13:55.183Z
Boonweaver Giant,M15,Magic 2015,5,normal,uncommon,1,13847,85003365-7c5f-4283-995d-e466deef444b,0.16,false,false,near_mint,en,USD,2026-09-17T17:13:55.184Z
Nurturing Pixie,OTJ,Outlaws of Thunder Junction,20,normal,uncommon,3,93046,0fe155f6-888b-41a0-a9a0-be7bea998718,0.32,false,false,near_mint,en,USD,2026-09-17T17:13:55.185Z
Moorland Inquisitor,M20,Core Set 2020,31,normal,common,2,45430,9d7b1446-7c9f-4b62-9877-e3d1060948aa,0.17,false,false,near_mint,en,USD,2026-09-17T17:13:55.186Z
Lightfoot Technique,TDM,Tarkir: Dragonstorm,14,normal,common,3,104910,baac1a41-d44d-4184-9147-b4233e73de65,0.18,false,false,near_mint,en,USD,2026-09-17T17:13:55.178Z
Phantom General,ONC,Phyrexia: All Will Be One Commander,85,normal,uncommon,1,78937,eff5d3da-81d0-4776-9200-928af1b0cf18,0.31,false,false,near_mint,en,USD,2026-09-17T17:16:53.418Z
Benevolent Unicorn,MIR,Mirage,4,normal,common,1,38586,2a243bd7-af98-4e44-af6e-3b0b71d4837b,0.17,false,false,near_mint,en,USD,2026-09-17T17:16:53.419Z
Armasaur Guide,FDN,Foundations,3,normal,common,3,101591,c80fc380-0499-4499-8a60-c43844c02c9b,0.13,false,false,near_mint,en,USD,2026-09-17T17:16:53.420Z
Ambrosia Whiteheart,FIN,Final Fantasy,6,normal,uncommon,1,106459,f2596767-7d19-4110-86ed-3cfc93ac7483,0.2,false,false,near_mint,en,USD,2026-09-17T17:16:53.421Z
Battle Menu,FIN,Final Fantasy,9,normal,uncommon,1,106523,240e1466-bd02-423d-b829-234dcd2bfab2,0.32,false,false,near_mint,en,USD,2026-09-17T17:16:53.423Z
Unsettling Twins,DSK,Duskmourn: House of Horror,38,normal,common,2,98865,85da2e65-4e22-48b6-98ad-6969684d69e1,0.13,false,false,near_mint,en,USD,2026-09-17T17:16:53.424Z
Optimistic Scavenger,DSK,Duskmourn: House of Horror,21,normal,uncommon,1,98991,9c72fc6f-6a96-420d-812d-b5cf0f57cc7f,0.31,false,false,near_mint,en,USD,2026-09-17T17:16:53.425Z
White Mage's Staff,FIN,Final Fantasy,42,normal,common,1,105584,30db372e-0b4c-4e16-9667-bf3fda666f72,0.19,false,false,near_mint,en,USD,2026-09-17T17:16:53.426Z
Summon: Choco/Mog,FIN,Final Fantasy,35,normal,common,2,106493,00546117-018a-4286-bc20-b5446c5be56f,0.16,false,false,near_mint,en,USD,2026-09-17T17:16:53.427Z
Weapons Vendor,FIN,Final Fantasy,40,normal,common,2,106651,c9e6b374-3e44-4df7-b0a3-4ef98dc08267,0.19,false,false,near_mint,en,USD,2026-09-17T17:16:53.428Z
Coeurl,FIN,Final Fantasy,12,normal,common,3,106284,7604b534-5480-42fa-bc36-bbae730f8582,0.14,false,false,near_mint,en,USD,2026-09-17T17:16:53.429Z
Auron's Inspiration,FIN,Final Fantasy,8,normal,uncommon,1,106349,77d82764-563c-4bc2-b568-625ec7215e0d,0.13,false,false,near_mint,en,USD,2026-09-17T17:16:53.430Z
Samwise the Stouthearted,LTR,The Lord of the Rings: Tales of Middle-earth,28,normal,uncommon,1,82922,214c270e-29ca-4d69-bea6-9252ae7707ad,0.24,false,false,near_mint,en,USD,2026-09-17T17:16:53.431Z
Dauntless Veteran,FDN,Foundations,8,normal,uncommon,1,100704,7a136f26-ac66-407f-b389-357222d2c4a2,0.16,false,false,near_mint,en,USD,2026-09-17T17:16:53.433Z
Repel Calamity,BLB,Bloomburrow,27,normal,uncommon,1,95834,d068192a-6270-4981-819d-4945fa4a2b83,0.18,false,false,near_mint,en,USD,2026-09-17T17:16:53.434Z
Claws Out,FDN,Foundations,6,normal,uncommon,1,100429,4396049c-b976-4b7f-8ecd-564e24ebd631,0.24,false,false,near_mint,en,USD,2026-09-17T17:16:53.438Z
Elite Interceptor // Rejoinder,SOS,Secrets of Strixhaven,12,normal,common,1,112577,2970683e-e69c-42cb-a067-34abd56fb42b,0.2,false,false,near_mint,en,USD,2026-09-17T17:16:53.441Z
Dig Site Inventory,SOS,Secrets of Strixhaven,10,normal,common,2,112707,e52464ee-df8b-41ec-af93-4b0eb004383e,0.13,false,false,near_mint,en,USD,2026-09-17T17:16:53.442Z
Benediction of Moons,GPT,Guildpact,3,normal,common,2,27592,d8ea99d1-9e88-4b14-b0b3-39bcd8191eab,0.07,false,false,near_mint,en,USD,2026-09-17T17:16:53.443Z
Acrobatic Maneuver,KLD,Kaladesh,1,normal,common,2,7642,74f92174-f38f-4623-a5f7-f5be7f7dcc9d,0.11,false,false,near_mint,en,USD,2026-09-17T17:16:53.444Z
Tune Up,DFT,Aetherdrift,33,normal,uncommon,1,103377,f8bddc5f-8f25-4313-b5bb-e5eae2923878,0.26,false,false,near_mint,en,USD,2026-09-17T17:16:53.445Z
Healing Salve,BRB,Battle Royale Box Set,31,normal,common,2,34029,ba626b05-ef94-4ce5-b28b-e4b68d425f9b,0.15,false,false,near_mint,en,USD,2026-09-17T17:16:53.446Z
Azorius Justiciar,CLU,Ravnica: Clue Edition,55,normal,uncommon,1,90677,1628e808-f0d7-4225-8020-d9cbd14c510e,0.17,false,false,near_mint,en,USD,2026-09-17T17:16:53.447Z
Mesa Unicorn,DOM,Dominaria,27,normal,common,1,2249,cf6ed7b5-08ee-4d2c-9bf8-03a1b85b635a,0.18,false,false,near_mint,en,USD,2026-09-17T17:16:53.451Z
Ronom Unicorn,AFC,Forgotten Realms Commander,71,normal,common,1,60828,b3275ed0-30b2-4d30-aa03-0dbda913f530,0.34,false,false,near_mint,en,USD,2026-09-17T17:16:53.452Z
Alabaster Mage,2XM,Double Masters,2,normal,common,1,52094,0ef65e86-3759-465d-862b-29516eed46e6,0.25,false,false,near_mint,en,USD,2026-09-17T17:16:53.454Z
Emancipation Angel,UMA,Ultimate Masters,15,normal,uncommon,1,43484,189e0728-94e3-43af-a341-d2bbb33b6b32,0.21,false,false,near_mint,en,USD,2026-09-17T17:16:53.455Z
Soldier of the Grey Host,LTR,The Lord of the Rings: Tales of Middle-earth,32,normal,common,1,83429,b79999df-af8c-4724-9631-20eee5a00e49,0.1,false,false,near_mint,en,USD,2026-09-17T17:16:53.456Z
Bladed Ambassador,ONE,Phyrexia: All Will Be One,5,normal,uncommon,1,78391,0bd8d2b8-4caf-4349-9538-0dfbebf0ce1b,0.15,false,false,near_mint,en,USD,2026-09-17T17:16:53.457Z
Bladed Ambassador,ONE,Phyrexia: All Will Be One,285,normal,uncommon,1,78674,85465be2-7327-4e1f-8a4b-d24dca4f3ada,0.06,false,false,near_mint,en,USD,2026-09-17T17:16:53.458Z
Sinew Dancer,ONE,Phyrexia: All Will Be One,286,normal,common,1,78640,7836bd5e-9df3-4f24-adce-ca7028fea78f,0.16,false,false,near_mint,en,USD,2026-09-17T17:16:53.459Z
Thraben Valiant,DDL,Duel Decks: Heroes vs. Monsters,6,normal,common,2,15759,a8a8282b-bba6-4815-80fe-7a37a1fec3c1,0.08,false,false,near_mint,en,USD,2026-09-17T17:16:53.416Z
Ruin-Lurker Bat,LCI,The Lost Caverns of Ixalan,33,normal,uncommon,2,88934,d6bedf13-c2bc-4e5d-aba3-3c0d5495a9bb,0.35,false,false,near_mint,en,USD,2026-09-17T17:16:53.432Z
Prideful Parent,FDN,Foundations,21,normal,common,2,97188,b742117a-8a72-43b9-b05d-274829d138a2,0.15,false,false,near_mint,en,USD,2026-09-17T17:16:53.436Z
Fortress Kin-Guard,TDM,Tarkir: Dragonstorm,12,normal,common,3,104900,b647a018-1d70-43a1-a265-928bcd863689,0.17,false,false,near_mint,en,USD,2026-09-17T17:16:53.437Z
Order of the White Shield,ATH,Anthologies,9,normal,uncommon,2,35609,a29d0beb-0640-42d3-82a6-c4fe9dd384a8,0.42,false,false,near_mint,en,USD,2026-09-17T17:16:53.450Z
Samite Healer,6ED,Classic Sixth Edition,40,normal,common,1,35337,e1166d39-e186-4bb0-8ca4-ccc0200d13de,0.05,false,false,near_mint,en,USD,2026-09-17T17:18:28.102Z
Hexgold Hoverwings,ONE,Phyrexia: All Will Be One,14,normal,uncommon,2,78832,c498dbf9-c68c-400c-9349-c3c3fc8efcae,0.27,false,false,near_mint,en,USD,2026-09-17T17:18:28.103Z
Driftgloom Coyote,BLB,Bloomburrow,11,normal,uncommon,1,95969,d7ab2de3-3aea-461a-a74f-fb742cf8a198,0.16,false,false,near_mint,en,USD,2026-09-17T17:18:28.104Z
Broadcast Rambler,DFT,Aetherdrift,6,normal,common,1,103563,89ce2385-e33d-47b3-96c8-5a4672d9df7c,0.11,false,false,near_mint,en,USD,2026-09-17T17:18:28.105Z
Backup Agent,SNC,Streets of New Capenna,2,normal,common,1,67662,2a46af75-3880-4141-b26e-19834d67e7a8,0.19,false,false,near_mint,en,USD,2026-09-17T17:18:28.106Z
Solemn Offering,BBD,Battlebond,107,normal,uncommon,1,1886,e30d14b8-b431-4764-9b30-f511bd40fd08,0.15,false,false,near_mint,en,USD,2026-09-17T17:18:28.107Z
Protector of Gondor,LTR,The Lord of the Rings: Tales of Middle-earth,25,normal,common,1,83256,85708748-40ca-4066-a287-7a6a189ff3df,0.12,false,false,near_mint,en,USD,2026-09-17T17:18:28.108Z
Joust Through,FDN,Foundations,19,normal,uncommon,1,100767,846adb38-f9bb-4fed-b8ed-36ec7885f989,0.2,false,false,near_mint,en,USD,2026-09-17T17:18:28.110Z
Sigiled Sentinel,MOM,March of the Machine,37,normal,common,1,81395,7f65b178-51d6-4dcb-a1cc-4b4dcb2237cd,0.08,false,false,near_mint,en,USD,2026-09-17T17:18:28.111Z
Rescuer Chwinga,CLB,Commander Legends: Battle for Baldur's Gate,39,normal,uncommon,1,69098,73b17c29-c796-460b-a0c6-7638fb80e397,0.23,false,false,near_mint,en,USD,2026-09-17T17:18:28.112Z
Shire Shirriff,LTR,The Lord of the Rings: Tales of Middle-earth,30,normal,uncommon,1,83039,444b687f-2571-4c55-a497-d24b9e18bc0f,0.21,false,false,near_mint,en,USD,2026-09-17T17:18:28.113Z
Absolver Thrull,GPT,Guildpact,1,normal,common,1,27594,711979c3-e70b-4973-a4f1-020db534fc73,0.09,false,false,near_mint,en,USD,2026-09-17T17:18:28.114Z
Reprisal,6ED,Classic Sixth Edition,37,normal,uncommon,1,35340,229be020-de00-4985-b6f0-e6276018591e,0.23,false,false,near_mint,en,USD,2026-09-17T17:18:28.115Z
Excise,PCY,Prophecy,8,normal,common,2,33672,8d4f97dd-434b-4156-8e9d-253a943784e3,0.1,false,false,near_mint,en,USD,2026-09-17T17:18:28.117Z
Outflank,ELD,Throne of Eldraine,23,normal,common,1,46315,663e0208-81c3-4a76-bcc2-bc59cf8ca649,0.14,false,false,near_mint,en,USD,2026-09-17T17:18:28.118Z
Pledge of Loyalty,INV,Invasion,24,normal,uncommon,1,33309,d6f98c26-5b30-400c-8af1-8c6c43065f63,0.16,false,false,near_mint,en,USD,2026-09-17T17:18:28.119Z
Lightshield Parry,DFT,Aetherdrift,19,normal,common,1,103302,dcf6a0e7-1fd4-425f-b634-c93236daea35,0.12,false,false,near_mint,en,USD,2026-09-17T17:18:28.120Z
Banishing Light,FDN,Foundations,138,normal,common,2,101613,e38dc3b3-1629-491b-8afd-0e7a9a857713,0.18,false,false,near_mint,en,USD,2026-09-17T17:20:13.787Z
Eastfarthing Farmer,LTR,The Lord of the Rings: Tales of Middle-earth,8,normal,common,1,82944,26bb65ba-d605-4b79-a700-4a08ec5a90b4,0.18,false,false,near_mint,en,USD,2026-09-17T17:20:13.788Z
Survive the Night,SOI,Shadows over Innistrad,41,normal,common,1,8955,5cb4a0bc-196a-466b-a704-377f5c7eb5b7,0.07,false,false,near_mint,en,USD,2026-09-17T17:20:13.789Z
Allay,EXO,Exodus,1,normal,common,1,36335,f20a1c6d-ec6a-4bd6-b3b2-b997f71d41fc,0.16,false,false,near_mint,en,USD,2026-09-17T17:20:13.790Z
Banishing Light,BLB,Bloomburrow,1,normal,common,1,96011,25a06f82-ebdb-4dd6-bfe8-958018ce557c,0.14,false,false,near_mint,en,USD,2026-09-17T17:20:13.791Z
Infected Defector,MOM,March of the Machine,18,normal,common,1,81318,2777f8b5-2f8e-4cb8-9206-8a4978488657,0.15,false,false,near_mint,en,USD,2026-09-17T17:20:13.792Z
Magitek Infantry,FIN,Final Fantasy,25,normal,common,3,106635,b64dc6d7-dd01-4e66-9099-4c90865448df,0.12,false,false,near_mint,en,USD,2026-09-17T17:20:13.793Z
Fate of the Sun-Cryst,FIN,Final Fantasy,19,normal,common,1,106287,900cdf11-b42e-4dcc-97c3-2e4d8e406a70,0.07,false,false,near_mint,en,USD,2026-09-17T17:20:13.795Z
Dragoon's Lance,FIN,Final Fantasy,17,normal,uncommon,1,105671,96630531-8eb7-4e3e-8d63-60c562a5571b,0.18,false,false,near_mint,en,USD,2026-09-17T17:20:13.796Z
Gaelicat,FIN,Final Fantasy,22,normal,common,2,106528,29606c49-e1a4-49c3-883b-9122c08bbbc7,0.17,false,false,near_mint,en,USD,2026-09-17T17:20:13.797Z
Friendly Ghost,DSK,Duskmourn: House of Horror,12,normal,common,2,98792,20e0dba2-d15c-4d55-9b68-00648175e760,0.13,false,false,near_mint,en,USD,2026-09-17T17:20:13.799Z
Grand Entryway // Elegant Rotunda,DSK,Duskmourn: House of Horror,15,normal,common,2,98938,ef8a8ba7-f955-425d-9a16-816fc48a2a83,0.15,false,false,near_mint,en,USD,2026-09-17T17:20:13.800Z
Serra Angel,FDN,Foundations,147,normal,uncommon,2,100391,3cee9303-9d65-45a2-93d4-ef4aba59141b,0.15,false,false,near_mint,en,USD,2026-09-17T17:20:13.801Z
Angel of Renewal,BFZ,Battle for Zendikar,18,normal,uncommon,1,10333,0f882ac2-3cbc-4548-8c83-d2a7443991df,0.35,false,false,near_mint,en,USD,2026-09-17T17:20:13.802Z
Attentive Skywarden,MOM,March of the Machine,7,normal,common,1,81401,83d89bd5-95cc-41fc-aea2-2dde52231919,0.25,false,false,near_mint,en,USD,2026-09-17T17:20:13.803Z
Dwarven Castle Guard,FIN,Final Fantasy,18,normal,common,1,106454,e17c0d27-e88d-4ba9-acbb-3f916cee3d7e,0.11,false,false,near_mint,en,USD,2026-09-17T17:22:17.485Z
Trained Arynx,OTJ,Outlaws of Thunder Junction,36,normal,common,3,93415,ef32a5f8-f69d-47dc-a800-4f0ddf4eada5,0.17,false,false,near_mint,en,USD,2026-09-17T17:22:17.486Z
Resistance Reunited,ONE,Phyrexia: All Will Be One,31,normal,uncommon,1,78808,bbc4b5ca-557e-4465-9725-9e7a15590258,0.23,false,false,near_mint,en,USD,2026-09-17T17:22:17.487Z
Stormplain Detainment,TDM,Tarkir: Dragonstorm,28,normal,common,2,104135,39f3aab5-7b54-4b55-8114-c6f9f79c255d,0.2,false,false,near_mint,en,USD,2026-09-17T17:22:17.488Z
Arashin Sunshield,TDM,Tarkir: Dragonstorm,3,normal,common,1,105168,dd7102d8-90b3-45a1-b66d-dcca469b1fb6,0.1,false,false,near_mint,en,USD,2026-09-17T17:22:17.491Z
Loxodon Battle Priest,TDM,Tarkir: Dragonstorm,15,normal,uncommon,1,104861,a527cdb0-f54a-4b53-83a0-6b3e8cafa45e,0.16,false,false,near_mint,en,USD,2026-09-17T17:22:17.492Z
Warrior's Honor,6ED,Classic Sixth Edition,53,normal,common,1,35324,74900e91-d661-4846-984e-5774c5ce0540,0.1,false,false,near_mint,en,USD,2026-09-17T17:22:17.493Z
Healing Salve,6ED,Classic Sixth Edition,22,normal,common,1,35355,4953ac06-dc8c-4a9c-8ff6-8e4432dae91f,0.17,false,false,near_mint,en,USD,2026-09-17T17:22:17.494Z
Angelic Blessing,10E,Tenth Edition,3,normal,common,1,26145,a285aa3f-bcfb-4fc3-8441-85a56c72a3e4,0.04,false,false,near_mint,en,USD,2026-09-17T17:22:17.495Z
Bandage,10E,Tenth Edition,9,normal,common,1,26136,c9c17e3b-4d7f-4472-afe1-8e9358b82f2c,0.26,false,false,near_mint,en,USD,2026-09-17T17:22:17.496Z
Spectral Reserves,EMN,Eldritch Moon,43,normal,common,1,8293,7618aa2d-d5b3-41e6-978f-2c8292f7f896,0.15,false,false,near_mint,en,USD,2026-09-17T17:22:17.498Z
Scars of the Veteran,ALL,Alliances,16,normal,uncommon,1,38832,632870c3-7c0b-48ad-865d-95f8c4e887d0,0.28,false,false,near_mint,en,USD,2026-09-17T17:22:17.499Z
Ray of Distortion,ODY,Odyssey,42,normal,common,1,32135,9940f593-021f-44cd-9725-0779a2808b6c,0.26,false,false,near_mint,en,USD,2026-09-17T17:22:17.502Z
Stand Firm,DDL,Duel Decks: Heroes vs. Monsters,21,normal,common,1,15744,8b5b719d-9527-4df1-b51f-f1827952cab4,0.01,false,false,near_mint,en,USD,2026-09-17T17:22:17.503Z
Spirit Flare,TOR,Torment,15,normal,common,1,31726,efdbe7c6-99ad-4c73-bffe-7bbdc6965854,0.13,false,false,near_mint,en,USD,2026-09-17T17:22:17.505Z
Compleat Devotion,ONE,Phyrexia: All Will Be One,7,normal,common,1,78466,2bb29a69-3e42-4268-8026-f01072d7b56c,0.21,false,false,near_mint,en,USD,2026-09-17T17:22:17.506Z
Banish from Edoras,LTR,The Lord of the Rings: Tales of Middle-earth,1,normal,common,1,83363,a4410076-e1fe-45f3-a0ca-a91ab0133ff4,0.14,false,false,near_mint,en,USD,2026-09-17T17:22:17.507Z
Acrobatic Cheerleader,DSK,Duskmourn: House of Horror,1,normal,common,2,98713,6f1a7590-3eee-4803-b192-d4fb771e6a86,0.09,false,false,near_mint,en,USD,2026-09-17T17:22:17.509Z
Glimmer Seeker,DSK,Duskmourn: House of Horror,14,normal,uncommon,1,98646,7f06bbb1-0c7d-4803-9b35-8a2206803eed,0.19,false,false,near_mint,en,USD,2026-09-17T17:22:17.511Z
Armored Armadillo,OTJ,Outlaws of Thunder Junction,3,normal,common,1,93094,263232df-69b8-4205-93ad-c724fe57ec11,0.22,false,false,near_mint,en,USD,2026-09-17T17:26:24.260Z
Savior of the Small,DSK,Duskmourn: House of Horror,27,normal,uncommon,1,98932,e2ed31ea-c278-4e8c-afa7-6d09af399345,0.17,false,false,near_mint,en,USD,2026-09-17T17:26:24.262Z
Omenport Vigilante,OTJ,Outlaws of Thunder Junction,21,normal,uncommon,1,93233,7ecd8b6f-b9aa-466a-909c-3209beef8244,0.14,false,false,near_mint,en,USD,2026-09-17T17:26:24.267Z
Wanted Griffin,OTJ,Outlaws of Thunder Junction,38,normal,common,1,93187,624a176b-fe24-4441-8877-464cf172ccff,0.12,false,false,near_mint,en,USD,2026-09-17T17:26:24.268Z
Jump Scare,DSK,Duskmourn: House of Horror,17,normal,common,1,98993,a2dd8903-31ca-470d-b2ff-280f6d40c794,0.14,false,false,near_mint,en,USD,2026-09-17T17:26:24.271Z
Fear of Abduction,DSK,Duskmourn: House of Horror,9,normal,uncommon,1,98949,fc9374be-5e4b-4c23-8b6e-94c03d4f5ef1,0.18,false,false,near_mint,en,USD,2026-09-17T17:26:24.274Z
Ambrosia Whiteheart,FIN,Final Fantasy,325,normal,uncommon,1,106427,2ecefb14-23a2-44f4-a3aa-63c246f744e1,0.55,false,false,near_mint,en,USD,2026-09-17T17:26:24.275Z
Vengeful Townsfolk,OTJ,Outlaws of Thunder Junction,37,normal,common,1,93102,2df404af-571a-4867-83f5-bb4163b433ff,0.12,false,false,near_mint,en,USD,2026-09-17T17:26:24.276Z
Ethereal Armor,DSK,Duskmourn: House of Horror,7,normal,uncommon,1,98756,fd0e8a82-0201-483e-a976-5f29764b35a4,0.36,false,false,near_mint,en,USD,2026-09-17T17:26:24.279Z
Inventive Wingsmith,OTJ,Outlaws of Thunder Junction,17,normal,common,2,93316,b6b36bb3-dacc-44f6-adcd-2c2d65513d8c,0.08,false,false,near_mint,en,USD,2026-09-17T17:26:24.281Z
Lionheart Glimmer,DSK,Duskmourn: House of Horror,19,normal,uncommon,1,98819,483e1c6f-331c-45f1-bf5d-9b9742aa8903,0.23,false,false,near_mint,en,USD,2026-09-17T17:26:24.282Z
Shepherd of the Clouds,OTJ,Outlaws of Thunder Junction,28,normal,uncommon,1,93334,c2245f36-2138-4f01-9b70-151137a5ac59,0.19,false,false,near_mint,en,USD,2026-09-17T17:26:24.287Z
Mystical Tether,OTJ,Outlaws of Thunder Junction,19,normal,common,1,93064,18344498-952e-489c-8b03-bd1bef4c26ca,0.16,false,false,near_mint,en,USD,2026-09-17T17:26:24.288Z
Fear of Surveillance,DSK,Duskmourn: House of Horror,11,normal,common,1,98839,6e98559d-d9fd-4bdf-8df9-389eee756a3a,0.25,false,false,near_mint,en,USD,2026-09-17T17:26:24.289Z
Trapped in the Screen,DSK,Duskmourn: House of Horror,36,normal,common,1,98790,1fe95bfb-8ca7-434f-a2e7-a6b2e699584e,0.2,false,false,near_mint,en,USD,2026-09-17T17:26:24.291Z
Journey to Nowhere,OTP,Breaking News,3,normal,uncommon,1,93140,442bb671-8b23-4e3b-bf39-18152a68887e,0.3,false,false,near_mint,en,USD,2026-09-17T17:26:24.293Z
"Fortune, Loyal Steed",OTJ,Outlaws of Thunder Junction,12,normal,rare,2,93033,069294a8-e65a-47af-942f-7e99d18658f2,0.25,false,false,near_mint,en,USD,2026-09-17T17:26:24.294Z
Cult Healer,DSK,Duskmourn: House of Horror,2,normal,common,1,98877,9c9b8fbe-8a5e-4b62-b53f-9ead8147bbbb,0.06,false,false,near_mint,en,USD,2026-09-17T17:26:24.297Z
Prairie Dog,OTJ,Outlaws of Thunder Junction,24,normal,uncommon,1,93121,37302b5d-e528-4baa-947a-c859e4ddcff9,0.18,false,false,near_mint,en,USD,2026-09-17T17:26:24.299Z
Shardmage's Rescue,DSK,Duskmourn: House of Horror,29,normal,uncommon,1,98731,aed0cafa-d701-4e1f-9773-abcf817c244c,0.29,false,false,near_mint,en,USD,2026-09-17T17:26:24.301Z
Splitskin Doll,DSK,Duskmourn: House of Horror,33,normal,uncommon,1,98766,0453be94-e59b-48f1-a488-7a9fd96a627e,0.34,false,false,near_mint,en,USD,2026-09-17T17:26:24.302Z
Outlaw Medic,OTJ,Outlaws of Thunder Junction,23,normal,common,1,93107,2feaa51e-47fb-4849-b420-ee7278f3489a,0.21,false,false,near_mint,en,USD,2026-09-17T17:26:24.306Z
Patched Plaything,DSK,Duskmourn: House of Horror,24,normal,uncommon,1,98627,513da431-4f3a-4f4a-8be4-7e162dd93307,0.18,false,false,near_mint,en,USD,2026-09-17T17:26:24.309Z
Hardened Escort,DSK,Duskmourn: House of Horror,16,normal,common,3,98779,12054e10-46d6-4581-a7e5-ff277cb0e229,0.16,false,false,near_mint,en,USD,2026-09-17T17:26:24.261Z
Fear of Immobility,DSK,Duskmourn: House of Horror,10,normal,common,2,98651,9220c8fa-6ef7-4bc1-acb9-fc54cc43e498,0.12,false,false,near_mint,en,USD,2026-09-17T17:26:24.263Z
Sterling Keykeeper,OTJ,Outlaws of Thunder Junction,32,normal,common,2,93026,019d539f-04c2-43f1-8677-6d6fbb0e94f7,0.14,false,false,near_mint,en,USD,2026-09-17T17:26:24.265Z
Living Phone,DSK,Duskmourn: House of Horror,20,normal,common,3,99234,8266f93b-f91c-4427-a222-075ceb0be3af,0.19,false,false,near_mint,en,USD,2026-09-17T17:26:24.270Z
Sterling Supplier,OTJ,Outlaws of Thunder Junction,33,normal,common,3,93314,b6000be7-67db-440e-87ba-276df20b803e,0.13,false,false,near_mint,en,USD,2026-09-17T17:26:24.272Z
Possessed Goat,DSK,Duskmourn: House of Horror,25,normal,common,3,99350,cd02b8ff-ff65-4a38-b8fb-f8dd130edbf7,0.13,false,false,near_mint,en,USD,2026-09-17T17:26:24.278Z
Veteran Survivor,DSK,Duskmourn: House of Horror,40,normal,uncommon,2,98619,39368ea2-f665-40b1-b042-c0182f7c6df0,0.23,false,false,near_mint,en,USD,2026-09-17T17:26:24.292Z
Stagecoach Security,OTJ,Outlaws of Thunder Junction,30,normal,common,2,93086,21301998-b3e6-4f3d-89f4-5e17aeb79a1e,0.06,false,false,near_mint,en,USD,2026-09-17T17:26:24.296Z
"Adéwalé, Breaker of Chains",ACR,Assassin's Creed,44,normal,uncommon,1,95428,914efc24-5c3a-4d22-9d77-fce337a08d4d,0.31,false,false,near_mint,en,USD,2026-09-17T17:33:34.732Z
"Alexios, Deimos of Kosmos",ACR,Assassin's Creed,33,normal,uncommon,1,95522,e81b94b2-4052-4686-a788-9baf0fa0f81a,0.45,false,false,near_mint,en,USD,2026-09-17T17:33:34.733Z
Arno Dorian,ACR,Assassin's Creed,139,normal,uncommon,1,95385,60a97041-4c09-46f2-b979-e4f63c676fb4,0.23,false,false,near_mint,en,USD,2026-09-17T17:33:34.737Z
Monastery Raid,ACR,Assassin's Creed,35,normal,uncommon,1,95344,3e2e91f0-3a4e-4388-9460-6756f758316b,0.24,false,false,near_mint,en,USD,2026-09-17T17:33:34.738Z
"Ezio, Brash Novice",ACR,Assassin's Creed,145,normal,uncommon,2,95486,c3f4e32b-9252-42a9-a259-cd9a68cb3f4a,0.21,false,false,near_mint,en,USD,2026-09-17T17:33:34.739Z
Arbaaz Mir,ACR,Assassin's Creed,138,normal,uncommon,1,95354,458bf178-a2d8-4f7d-afed-48a7e2bbf246,0.31,false,false,near_mint,en,USD,2026-09-17T17:33:34.740Z
Lydia Frye,ACR,Assassin's Creed,149,normal,uncommon,2,95427,910570c8-c868-4513-8b27-22268d0cff68,0.28,false,false,near_mint,en,USD,2026-09-17T17:33:34.741Z
Shao Jun,ACR,Assassin's Creed,63,normal,uncommon,1,95287,085568e5-d622-45ff-9a31-52eaa513ff31,0.22,false,false,near_mint,en,USD,2026-09-17T17:33:34.742Z
The Spear of Leonidas,ACR,Assassin's Creed,38,normal,rare,1,95241,160d6ce7-2452-41a2-aa70-41e1b8045c54,1.61,false,false,near_mint,en,USD,2026-09-17T17:33:34.747Z
Summon: G.F. Cerberus,FIN,Final Fantasy,368,normal,rare,1,106618,a5ad1e50-2bf1-4f43-9da4-62a89b521206,2.14,false,false,near_mint,en,USD,2026-09-17T17:33:34.753Z
Haystack,ACR,Assassin's Creed,5,normal,uncommon,1,95258,46e791f0-297b-46bf-acd5-f62458009d76,0.32,false,false,near_mint,en,USD,2026-09-17T17:33:34.756Z
Path to Exile,ACR,Assassin's Creed,81,normal,uncommon,1,95400,6e4ed445-7b35-4090-9d0e-92532b07c8c7,1.52,false,false,near_mint,en,USD,2026-09-17T17:33:34.757Z
Arno Dorian,ACR,Assassin's Creed,47,normal,uncommon,2,95349,41142b10-a493-499a-9fc5-043eeca5d1ee,0.24,false,false,near_mint,en,USD,2026-09-17T17:33:34.731Z
Cathartic Reunion,ACR,Assassin's Creed,94,normal,uncommon,2,95375,55aaab05-db3b-4317-ae32-553c76f6bade,0.26,false,false,near_mint,en,USD,2026-09-17T17:33:34.734Z
Overpowering Attack,ACR,Assassin's Creed,37,normal,uncommon,2,95519,e4ad338e-88ee-4919-aec4-320071a7cfb5,1.75,false,false,near_mint,en,USD,2026-09-17T17:33:34.735Z
Origin of the Hidden Ones,ACR,Assassin's Creed,36,normal,uncommon,3,95296,14da80cd-d0b8-4094-bfe7-28811d655f8b,0.25,false,false,near_mint,en,USD,2026-09-17T17:33:34.745Z
Hidden Footblade,ACR,Assassin's Creed,34,normal,uncommon,2,95516,e188fe5a-92ac-4c1c-a9a4-2dd5912cc14e,0.33,false,false,near_mint,en,USD,2026-09-17T17:33:34.746Z
Tax Collector,ACR,Assassin's Creed,9,normal,uncommon,2,95445,a300b5af-9223-4e97-9d33-a9226bd900f3,0.29,false,false,near_mint,en,USD,2026-09-17T17:39:24.950Z
Arbaaz Mir,ACR,Assassin's Creed,46,normal,uncommon,1,95490,c7187506-4af3-47e9-bad0-4ce8c78ccc10,0.29,false,false,near_mint,en,USD,2026-09-17T17:39:24.951Z
Hookblade,ACR,Assassin's Creed,6,normal,uncommon,1,95515,e17eca56-f658-410f-b505-8cbc87d4f253,0.2,false,false,near_mint,en,USD,2026-09-17T17:39:24.952Z
Lydia Frye,ACR,Assassin's Creed,60,normal,uncommon,1,95440,9dd6c700-f961-484a-8fe2-57107f5b7717,0.26,false,false,near_mint,en,USD,2026-09-17T17:39:24.956Z
Holy Cow,OTJ,Outlaws of Thunder Junction,16,normal,common,1,93261,90de84c9-941b-4056-8501-ce8a948b9643,0.23,false,false,near_mint,en,USD,2026-09-17T17:44:04.410Z
Impeccable Timing,KLD,Kaladesh,19,normal,common,1,7624,2921c95e-bf2f-409b-a41d-86d873690562,0.05,false,false,near_mint,en,USD,2026-09-17T17:44:04.411Z
Daydream,SOS,Secrets of Strixhaven,9,normal,uncommon,1,112304,e2b16cb2-b8b2-45df-9695-3c16e9d89e28,0.31,false,false,near_mint,en,USD,2026-09-17T17:44:04.414Z
Skyclave Apparition,SOC,Secrets of Strixhaven Commander,173,normal,rare,1,112167,e671de25-c47c-48a1-919b-6aa30dab142f,0.32,false,false,near_mint,en,USD,2026-09-17T17:44:04.415Z
Aerith Gainsborough,FIN,Final Fantasy,4,normal,rare,1,105744,e86328b6-ded2-41df-8b6e-4a770e7b171e,2.08,false,false,near_mint,en,USD,2026-09-17T17:44:04.416Z
Machinist's Arsenal,FIN,Final Fantasy,23,normal,rare,1,106381,ff976428-2145-4630-aab1-08870b90b2f0,0.85,false,false,near_mint,en,USD,2026-09-17T17:44:04.417Z
"Toby, Beastie Befriender",DSK,Duskmourn: House of Horror,35,normal,rare,1,95620,f33d3948-fe7b-4c3b-ab67-1022623fbb2b,0.31,false,false,near_mint,en,USD,2026-09-17T17:44:04.418Z
Unidentified Hovership,DSK,Duskmourn: House of Horror,37,normal,rare,1,99324,bd23f168-9ad0-4b4e-bfff-ae004c163727,0.3,false,false,near_mint,en,USD,2026-09-17T17:44:04.419Z
Fierce Retribution,OTP,Breaking News,2,normal,uncommon,1,93264,92270719-352d-426f-b498-fbeaf8fd087b,0.08,false,false,near_mint,en,USD,2026-09-17T17:44:04.420Z
Restoration Angel,BLC,Bloomburrow Commander,150,normal,rare,1,96499,e27a8eb2-9a7d-4349-b414-0655d86836b1,0.67,false,false,near_mint,en,USD,2026-09-17T17:44:04.421Z
Summon: Primal Odin,FIN,Final Fantasy,121,normal,rare,1,105658,8b1b5f06-e34d-44a3-976e-5157c4b7a0f4,1.74,false,false,near_mint,en,USD,2026-09-18T19:50:28.829Z
Assassin Initiate,ACR,Assassin's Creed,22,normal,uncommon,1,95341,3ce4e330-d878-48f3-b9fe-3158d69f2da2,0.29,false,false,near_mint,en,USD,2026-09-18T19:50:28.830Z
The Revelations of Ezio,ACR,Assassin's Creed,31,normal,uncommon,2,95528,ed77def5-ac92-4907-805d-261cae0db357,0.34,false,false,near_mint,en,USD,2026-09-18T19:50:28.832Z
Phantom Blade,ACR,Assassin's Creed,29,normal,uncommon,2,95525,ec5ec61b-5393-422b-b021-46b80bb42ac4,0.31,false,false,near_mint,en,USD,2026-09-18T19:50:28.833Z
Petty Larceny,ACR,Assassin's Creed,28,normal,uncommon,1,95355,45abc0a4-ae33-470f-9a39-2dd776dd6adb,0.25,false,false,near_mint,en,USD,2026-09-18T19:50:28.834Z
Murder,ACR,Assassin's Creed,92,normal,uncommon,2,95422,86d73f4c-0bbd-4616-81a6-102db6cd7db9,0.24,false,false,near_mint,en,USD,2026-09-18T19:50:28.836Z
Hemlock Vial,ACR,Assassin's Creed,26,normal,uncommon,2,95413,7ea6cde3-a4e6-4052-aca3-4d209be15db3,0.18,false,false,near_mint,en,USD,2026-09-18T19:50:28.837Z
Cover of Darkness,ACR,Assassin's Creed,89,normal,rare,1,91720,512263f7-975a-4107-b58f-6c8ec85e375e,8.89,false,false,near_mint,en,USD,2026-09-18T19:50:28.838Z
Conspiracy,ACR,Assassin's Creed,88,normal,rare,1,95249,fa3cbcbb-d865-42df-88e1-0c9bd24b5c79,0.36,false,false,near_mint,en,USD,2026-09-18T19:50:28.839Z
Black Market Connections,ACR,Assassin's Creed,87,normal,rare,1,95439,9bac8176-d0db-4397-820d-acbdd3264377,14.7,false,false,near_mint,en,USD,2026-09-18T19:50:28.840Z
Fatal Push,ACR,Assassin's Creed,90,normal,uncommon,3,95520,e6949e85-2db2-43a7-93bd-485c7b196298,0.59,false,false,near_mint,en,USD,2026-09-18T19:50:28.831Z
Gríma Wormtongue,LTR,The Lord of the Rings: Tales of Middle-earth,88,normal,uncommon,1,83283,8e3bd86b-e8ca-4885-a823-78fb967e6caf,0.24,false,false,near_mint,en,USD,2026-09-18T19:54:40.549Z
The Masters of Evil,MSH,Marvel Super Heroes,105,normal,uncommon,1,113200,65ba4439-3282-4179-85b9-67a25e2e5d24,0.24,false,false,near_mint,en,USD,2026-09-18T19:54:40.550Z
One Ring to Rule Them All,LTR,The Lord of the Rings: Tales of Middle-earth,102,normal,rare,1,83447,bb2dc2e0-f393-4442-818b-d3b860bfffd0,2.61,false,false,near_mint,en,USD,2026-09-18T19:54:40.551Z
Scavenger's Talent,BLB,Bloomburrow,111,normal,rare,1,96084,9a52b7fe-87ae-425b-85fd-b24e6e0395f1,1.26,false,false,near_mint,en,USD,2026-09-18T19:54:40.552Z
Forsaken Miner,OTJ,Outlaws of Thunder Junction,88,normal,uncommon,1,93059,1679f74d-00f8-436c-9f8c-aa3f843a546c,2.7,false,false,near_mint,en,USD,2026-09-18T19:54:40.553Z
Hour of Defeat,MSH,Marvel Super Heroes,99,normal,common,1,113887,9e0034dd-396e-46af-b931-0daa25da4406,0.13,false,false,near_mint,en,USD,2026-09-18T19:54:40.554Z
Unliving Legionnaire,MSH,Marvel Super Heroes,119,normal,common,1,113998,ce08f4bb-7da3-4199-8b90-fcdb29e84e98,0.07,false,false,near_mint,en,USD,2026-09-18T19:54:40.555Z
Cruel Alliance,MSH,Marvel Super Heroes,92,normal,common,1,114019,d895d5a1-d382-438b-8551-e142bb5142af,0.13,false,false,near_mint,en,USD,2026-09-18T19:54:40.556Z
Gorging Vulture,CLU,Ravnica: Clue Edition,112,normal,common,1,90854,4e481d5a-6d60-48b3-92fd-96365ae67cf7,0.16,false,false,near_mint,en,USD,2026-09-18T19:54:40.558Z
Obsessive Pursuit,TLA,Avatar: The Last Airbender,112,normal,rare,1,109823,e837e29c-d241-43c8-8f45-05056e082b60,0.72,false,false,near_mint,en,USD,2026-09-18T19:54:40.559Z
Restart Sequence,ACR,Assassin's Creed,30,normal,uncommon,1,95438,9a2b1b20-e5fd-4ccb-8529-12dbde0e0811,0.32,false,false,near_mint,en,USD,2026-09-18T20:01:46.842Z
Go for the Throat,ACR,Assassin's Creed,91,normal,uncommon,1,95362,4f95ad5d-d0c7-4a65-9e46-1d33abbf77aa,0.47,false,false,near_mint,en,USD,2026-09-18T20:01:46.843Z
Chain Assassination,ACR,Assassin's Creed,23,normal,uncommon,1,95505,d4bcd9c9-5957-48ee-9c12-f659c5fd07d0,0.32,false,false,near_mint,en,USD,2026-09-18T20:01:46.844Z
Foolish Fate,SOS,Secrets of Strixhaven,83,normal,uncommon,1,112693,d278f4c9-d20b-4a76-8c5c-4d3e985948b9,0.13,false,false,near_mint,en,USD,2026-09-18T20:05:46.091Z
"Atris, Oracle of Half-Truths",MUL,Multiverse Legends,34,normal,rare,1,82010,e023d642-1784-4e7e-b5de-dc9943f0099e,0.22,false,false,near_mint,en,USD,2026-09-18T20:05:46.092Z
End of the Hunt,SOS,Secrets of Strixhaven,81,normal,uncommon,1,112320,0809b51a-6a05-4f18-9bf4-1b8382da648f,0.23,false,false,near_mint,en,USD,2026-09-18T20:05:46.093Z
Blood Money,LCC,The Lost Caverns of Ixalan Commander,183,normal,mythic,1,88851,bbbc5c9d-110a-44cd-a2c9-8bad7dac4b5f,2.82,false,false,near_mint,en,USD,2026-09-18T20:05:46.094Z
Black Sun's Twilight,ONE,Phyrexia: All Will Be One,84,normal,rare,1,78921,e5bb4def-c67c-44c2-b3b2-8c53a077432d,0.4,false,false,near_mint,en,USD,2026-09-18T20:05:46.097Z
"Shadowheart, Dark Justiciar",CLB,Commander Legends: Battle for Baldur's Gate,146,normal,rare,1,68864,13a0913d-776b-4ef8-adef-8861349df2b5,1.44,false,false,near_mint,en,USD,2026-09-18T20:05:46.098Z
Withering Torment,DSK,Duskmourn: House of Horror,313,normal,uncommon,1,98867,87e03d07-c491-4ea1-a2f7-49c022005059,2.79,false,false,near_mint,en,USD,2026-09-18T20:05:46.099Z
"Vraan, Executioner Thane",ONE,Phyrexia: All Will Be One,114,normal,rare,1,78535,4c4a3119-c70a-46ff-8ede-6356f2b7bc13,0.73,false,false,near_mint,en,USD,2026-09-18T20:05:46.100Z
Rattleback Apothecary,OTJ,Outlaws of Thunder Junction,100,normal,uncommon,1,93280,9a88e233-f09c-49e7-b1e3-386fba851fdf,0.15,false,false,near_mint,en,USD,2026-09-18T20:05:46.102Z
Vengeful Bloodwitch,FDN,Foundations,76,normal,uncommon,1,97189,bd0c12dd-f138-45c0-9614-d83a1d8e8399,0.27,false,false,near_mint,en,USD,2026-09-18T20:05:46.105Z
Oversold Cemetery,J22,Jumpstart 2022,453,normal,rare,1,76867,f649ec97-fb5e-49ee-a15a-1acbb54344a6,3.32,false,false,near_mint,en,USD,2026-09-18T20:05:46.106Z
Osteomancer Adept,BLB,Bloomburrow,103,normal,rare,1,95800,7d8238dd-858f-466c-96de-986bd66861d7,0.36,false,false,near_mint,en,USD,2026-09-18T20:05:46.107Z
Pile On,MKC,Murders at Karlov Manor Commander,134,normal,rare,1,90358,570b56ff-b25a-43e4-927b-99dba542be5e,0.35,false,false,near_mint,en,USD,2026-09-18T20:05:46.109Z
Boss's Chauffeur,BLC,Bloomburrow Commander,137,normal,rare,1,96373,8936a2b6-4b00-4d74-bebb-a76d6f6b09b1,0.21,false,false,near_mint,en,USD,2026-09-18T20:10:26.282Z
"Danitha Capashen, Paragon",FCA,Final Fantasy: Through the Ages,22,normal,uncommon,1,106329,210ff924-215e-4ae8-8706-5af3891c6605,0.52,false,false,near_mint,en,USD,2026-09-18T20:10:26.284Z
Samwise the Stouthearted,LTR,The Lord of the Rings: Tales of Middle-earth,306,normal,uncommon,1,83041,44c6a273-9307-432a-96f5-3e536da70f95,0.26,false,false,near_mint,en,USD,2026-09-18T20:10:26.285Z
"Faramir, Field Commander",LTR,The Lord of the Rings: Tales of Middle-earth,303,normal,uncommon,1,82815,008b953a-da2b-4c30-9424-6d6e3e938251,0.24,false,false,near_mint,en,USD,2026-09-18T20:10:26.286Z
Phyrexian Censor,MOM,March of the Machine,31,normal,uncommon,1,81012,150e17b1-b9fd-4ec4-b305-19596fed14d1,0.33,false,false,near_mint,en,USD,2026-09-18T20:10:26.287Z
Cubwarden,IKO,Ikoria: Lair of Behemoths,279,normal,rare,1,49798,17398d7f-baf3-4605-aced-21582a81c73a,0.38,false,false,near_mint,en,USD,2026-09-18T20:10:26.288Z
Lifecreed Duo,BLB,Bloomburrow,20,normal,common,1,95968,ca543405-5e12-48a0-9a77-082ac9bcb2f2,0.22,false,false,near_mint,en,USD,2026-09-18T20:10:26.289Z
"Landroval, Horizon Witness",LTR,The Lord of the Rings: Tales of Middle-earth,21,normal,uncommon,3,83089,5684483b-9a6a-499b-a5e1-e2815ee03cdb,0.2,false,false,near_mint,en,USD,2026-09-18T20:10:26.290Z
Scrollshift,MOM,March of the Machine,34,normal,common,1,81383,6fc278d1-2ea4-4fbc-95cd-a9cd48c3c630,0.31,false,false,near_mint,en,USD,2026-09-18T20:10:26.292Z
Benevolent Blessing,CMR,Commander Legends,13,normal,common,3,56002,0d5c2401-da2c-46f9-b850-f37edcbb85cd,0.3,false,false,near_mint,en,USD,2026-09-18T20:10:26.294Z
Your Temple Is Under Attack,CLB,Commander Legends: Battle for Baldur's Gate,52,normal,common,1,69117,7ad8aa76-b643-4bd2-aaeb-036c1d50db54,0.55,false,false,near_mint,en,USD,2026-09-18T20:10:26.295Z
Guardian of Ghirapur,MOM,March of the Machine,16,normal,rare,1,81157,9503a1e6-f0bf-44d0-a28b-56fbfcff1ff2,0.39,false,false,near_mint,en,USD,2026-09-18T20:10:26.296Z
Windshaper Planetar,CLB,Commander Legends: Battle for Baldur's Gate,50,normal,rare,1,69193,a2ecf2f5-6d8b-4321-9aa1-d84c291a5c20,0.25,false,false,near_mint,en,USD,2026-09-18T20:10:26.297Z
Sunder the Gateway,MOM,March of the Machine,39,normal,common,1,81314,194ad785-21bb-4ce6-8776-31c67259fb99,0.12,false,false,near_mint,en,USD,2026-09-18T20:10:26.299Z
Starry-Eyed Skyrider,TDM,Tarkir: Dragonstorm,25,normal,uncommon,1,104624,4b3cc15e-1c82-454e-b541-4ab47c44814e,0.24,false,false,near_mint,en,USD,2026-09-18T20:10:26.300Z
Boon-Bringer Valkyrie,MOM,March of the Machine,9,normal,rare,1,81141,84e1cc7d-e645-4b0e-b117-63f93528ed12,0.59,false,false,near_mint,en,USD,2026-09-18T20:10:26.301Z
"Thalia, Guardian of Thraben",MUL,Multiverse Legends,7,normal,rare,1,81160,9716a5ff-f1ed-4285-a0a7-68114eeb1ba7,0.55,false,false,near_mint,en,USD,2026-09-18T20:14:56.205Z
Primary Research,SOS,Secrets of Strixhaven,26,normal,uncommon,1,112190,f6fdb814-45c6-4d14-afff-7f5bd1bd10a1,0.22,false,false,near_mint,en,USD,2026-09-21T19:24:47.796Z
Bill the Pony,LTR,The Lord of the Rings: Tales of Middle-earth,3,normal,uncommon,1,83328,9ac68519-ed7f-4f38-9549-c02975f88eed,0.2,false,false,near_mint,en,USD,2026-09-21T19:24:47.797Z
Divine Resilience,FDN,Foundations,10,normal,uncommon,1,101347,f3a08245-a535-4d24-b8c0-78759bb9c4b0,0.28,false,false,near_mint,en,USD,2026-09-21T19:24:47.800Z
Fleeting Flight,FDN,Foundations,13,normal,common,3,101513,55139100-9342-41fd-b10a-8e9932e605d4,0.19,false,false,near_mint,en,USD,2026-09-21T19:24:47.802Z
Crystal Dragon // Rob the Hoard,CLB,Commander Legends: Battle for Baldur's Gate,13,normal,uncommon,1,68964,384ec8b7-472e-4026-9632-349ab9df2b27,0.21,false,false,near_mint,en,USD,2026-09-21T19:24:47.806Z
Guardian Naga // Banishing Coils,CLB,Commander Legends: Battle for Baldur's Gate,23,normal,common,1,68879,18da890e-0f8d-41e9-a29f-24cb5393c464,0.23,false,false,near_mint,en,USD,2026-09-21T19:24:47.807Z
Esquire of the King,LTR,The Lord of the Rings: Tales of Middle-earth,13,normal,common,1,83503,caa6dded-ab08-43d0-b2fb-008854582cba,0.14,false,false,near_mint,en,USD,2026-09-21T19:24:47.812Z
Nimble Hobbit,LTR,The Lord of the Rings: Tales of Middle-earth,23,normal,common,1,83479,c4cd0756-7bf3-4cb6-9687-1f9346b0bb92,0.14,false,false,near_mint,en,USD,2026-09-21T19:24:47.814Z
Second Breakfast,LTR,The Lord of the Rings: Tales of Middle-earth,29,normal,common,1,82814,002f647a-25f8-461b-8617-52674f5d577c,0.18,false,false,near_mint,en,USD,2026-09-21T19:24:47.815Z
Mighty Leap,CLU,Ravnica: Clue Edition,66,normal,common,1,91143,b4c55b3a-0cca-4b4f-9915-61847b8f1455,0.19,false,false,near_mint,en,USD,2026-09-21T19:24:47.818Z
Blessed Hippogriff // Tyr's Blessing,CLB,Commander Legends: Battle for Baldur's Gate,11,normal,common,1,69240,b4590e53-ca8d-4896-a8cf-6af1e4bc456f,0.16,false,false,near_mint,en,USD,2026-09-21T19:24:47.819Z
Took Reaper,LTR,The Lord of the Rings: Tales of Middle-earth,35,normal,common,1,82913,1da7fc15-f894-496e-ba18-a02d42e9bedc,0.12,false,false,near_mint,en,USD,2026-09-21T19:24:47.820Z
Lost to Legend,LTR,The Lord of the Rings: Tales of Middle-earth,22,normal,uncommon,1,83480,c4e40481-aeaa-4b3d-a020-e9b6d7c11992,0.22,false,false,near_mint,en,USD,2026-09-21T19:24:47.823Z
Rehearsed Debater,SOS,Secrets of Strixhaven,29,normal,common,1,112724,fc6a1425-6733-42a2-94d9-605966398092,0.04,false,false,near_mint,en,USD,2026-09-21T19:24:47.825Z
G'raha Tia,FIN,Final Fantasy,21,normal,uncommon,1,106501,076a8eca-ed73-4ee9-aab4-d9d43d394ee6,0.23,false,false,near_mint,en,USD,2026-09-21T19:24:47.826Z
Rosie Cotton of South Lane,LTR,The Lord of the Rings: Tales of Middle-earth,27,normal,uncommon,1,83198,75338f49-1f02-4333-87e4-5779ef14e688,0.35,false,false,near_mint,en,USD,2026-09-21T19:24:47.827Z
Adelbert Steiner,FIN,Final Fantasy,3,normal,uncommon,1,106424,1a67a991-1e52-4676-a2e3-2bc7aa943ab3,0.26,false,false,near_mint,en,USD,2026-09-21T19:24:47.828Z
"Ashe, Princess of Dalmasca",FIN,Final Fantasy,7,normal,uncommon,1,106699,ffe0596f-ef99-4862-9386-0fe455259995,0.15,false,false,near_mint,en,USD,2026-09-21T19:24:47.829Z
Trusted Pegasus,CLU,Ravnica: Clue Edition,77,normal,common,1,90856,4ef0fcc8-a7be-4239-9a63-92e0c647de35,0.13,false,false,near_mint,en,USD,2026-09-21T19:24:47.832Z
You Cannot Pass!,LTR,The Lord of the Rings: Tales of Middle-earth,38,normal,uncommon,2,82859,116d4030-acd2-4aa2-8254-aaaff1264459,0.22,false,false,near_mint,en,USD,2026-09-21T19:24:47.835Z
"Ennis, Debate Moderator",SOS,Secrets of Strixhaven,14,normal,uncommon,2,112521,d2ef31b4-24fa-4443-9f05-c8e99c3522e5,0.23,false,false,near_mint,en,USD,2026-09-21T19:24:47.795Z
Sun-Blessed Healer,FDN,Foundations,25,normal,uncommon,2,100332,323d029e-9a88-4188-b3a4-38ef32cffc9f,0.27,false,false,near_mint,en,USD,2026-09-21T19:24:47.798Z
"Éowyn, Lady of Rohan",LTR,The Lord of the Rings: Tales of Middle-earth,10,normal,uncommon,2,83594,e59710c4-24de-419e-a8a0-e8392d450c23,0.25,false,false,near_mint,en,USD,2026-09-21T19:24:47.805Z
Panther Pounce,MSH,Marvel Super Heroes,29,normal,common,1,113654,4122ae40-800d-4b6b-93c9-aa503c33f1a9,0.22,false,false,near_mint,en,USD,2026-09-21T19:28:42.939Z
"Patriot, Shield Wielder",MSH,Marvel Super Heroes,30,normal,uncommon,1,113356,1467d7c9-00d8-43f1-b4e7-a279d2b10503,0.19,false,false,near_mint,en,USD,2026-09-21T19:28:42.940Z
Stolen Stark Tech,MSH,Marvel Super Heroes,114,normal,common,1,114027,db4557ad-4141-4dae-870e-a587506f4914,0.12,false,false,near_mint,en,USD,2026-09-21T19:28:42.941Z
Scheming Silvertongue // Sign in Blood,SOS,Secrets of Strixhaven,99,normal,rare,2,112541,fe85a124-0d8b-4a29-8df1-65888a39147f,1.04,false,false,near_mint,en,USD,2026-09-21T19:31:37.278Z
Distract the Guards,ACR,Assassin's Creed,3,normal,uncommon,1,95374,5554433e-0dee-4960-a58c-c4a24e01a989,0.3,false,false,near_mint,en,USD,2026-09-21T19:35:11.246Z
Fall of the First Civilization,ACR,Assassin's Creed,4,normal,uncommon,2,95419,85a8c84b-7d6c-4068-97b1-bc5dec46732c,0.33,false,false,near_mint,en,USD,2026-09-21T19:35:11.249Z
"Sauron, the Necromancer",LTR,The Lord of the Rings: Tales of Middle-earth,106,normal,rare,1,82994,377d65d8-21c8-4292-97db-610e0173ba59,0.46,false,false,near_mint,en,USD,2026-09-24T16:48:05.155Z
Raft Security Officer,MSH,Marvel Super Heroes,33,normal,common,1,114095,f9b9f9d6-b50c-4b29-80be-284ba773c70b,0.1,false,false,near_mint,en,USD,2026-09-24T16:48:10.949Z
"Bofur, Reliable Guardian // Concerted Care",HOB,The Hobbit,6,normal,uncommon,1,115190,6b8e6435-7de4-41d5-bc7d-8e24c11897d0,0.24,false,false,near_mint,en,USD,2026-09-24T18:17:12.783Z
Towering Viewpoint,ACR,Assassin's Creed,77,normal,uncommon,1,95500,d19115bf-562c-4bef-967d-52ec1e54c82e,0.27,false,false,near_mint,en,USD,2026-09-24T18:17:12.784Z
Smoke Bomb,ACR,Assassin's Creed,75,normal,uncommon,2,95351,4330d8ce-3b82-4297-ad5f-c63b54b6665a,0.32,false,false,near_mint,en,USD,2026-09-24T18:17:12.785Z
What Must Be Done,ACR,Assassin's Creed,11,normal,rare,1,95547,fe034544-e13f-45fc-ae43-83d0f399ed33,0.33,false,false,near_mint,en,USD,2026-09-24T18:17:12.786Z
Brotherhood Regalia,ACR,Assassin's Creed,71,normal,uncommon,2,95426,8a6439a6-288d-427e-b14b-a99e8ef8c5cd,9.68,false,false,near_mint,en,USD,2026-09-24T18:17:12.788Z
Mortify,ACR,Assassin's Creed,96,normal,uncommon,1,95295,11de7338-243a-40e2-84e3-c31240840768,0.28,false,false,near_mint,en,USD,2026-09-24T18:17:12.789Z
Shay Cormac,ACR,Assassin's Creed,153,normal,uncommon,1,95480,bf3012ba-1537-4f54-bb4a-65b909b87e59,0.24,false,false,near_mint,en,USD,2026-09-24T18:17:12.790Z
Grave Researcher // Reanimate,SOS,Secrets of Strixhaven,85,normal,rare,1,111721,8b1e10e8-ea14-4761-910b-4072e2a18456,1.82,false,false,near_mint,en,USD,2026-09-24T18:19:31.087Z
Mana Sculpt,SOS,Secrets of Strixhaven,57,normal,rare,1,112284,200c8e3d-c53b-40c7-a29a-fccc1281bfc6,1.0,false,false,near_mint,en,USD,2026-09-24T18:19:31.088Z
Felidar Cub,FDN,Foundations,573,normal,common,1,100156,0d61d50b-7ab6-45a9-b207-31d87aa2e555,0.1,false,false,near_mint,en,USD,2026-09-24T18:22:17.458Z
Weight of Conscience,MOR,Morningtide,28,normal,common,1,24997,396c8c41-70b4-4189-9160-8b7367a817a2,0.14,false,false,near_mint,en,USD,2026-09-24T18:22:17.459Z
Ingenious Leonin,FDN,Foundations,495,normal,uncommon,1,97192,ea566679-4202-4076-9314-142241485f6e,0.16,false,false,near_mint,en,USD,2026-09-24T18:22:17.460Z
King of the Pride,J22,Jumpstart 2022,57,normal,uncommon,1,76320,56b8343f-0554-42b1-9e32-431dcc4b0346,0.4,false,false,near_mint,en,USD,2026-09-24T18:22:17.461Z
Leonin Snarecaster,DDN,Duel Decks: Speed vs. Cunning,4,normal,common,1,13526,9745cc70-d6a0-43c5-b8d7-a930d95e94c7,0.03,false,false,near_mint,en,USD,2026-09-24T18:22:17.462Z
Basri's Acolyte,M21,Core Set 2021,8,normal,common,1,50698,08d1dd97-2675-4953-ab95-d47d23abfe05,0.28,false,false,near_mint,en,USD,2026-09-24T18:22:17.463Z
Cage of Hands,CMR,Commander Legends,14,normal,common,1,55709,655aefd8-8b0b-4c65-9973-376bbf05375b,0.16,false,false,near_mint,en,USD,2026-09-24T18:22:17.464Z
Regal Caracal,FDN,Foundations,579,normal,rare,1,101032,b6310a82-73db-40cb-ae64-6f07f869024c,0.46,false,false,near_mint,en,USD,2026-09-24T18:22:17.465Z
Savannah Lions,FDN,Foundations,146,normal,uncommon,1,97184,9c9ac1bc-cdf3-4fa6-8319-a7ea164e9e47,0.15,false,false,near_mint,en,USD,2026-09-24T18:22:17.468Z
Surgical Suite // Hospital Room,DSK,Duskmourn: House of Horror,34,normal,uncommon,1,99261,96b2dc14-4477-4444-a9eb-4fa4c02dfbde,0.26,false,false,near_mint,en,USD,2026-09-24T18:24:43.303Z
Seal from Existence,MOM,March of the Machine,35,normal,uncommon,1,81041,2ccc29cc-025d-402e-9fe3-75998eb290c9,0.22,false,false,near_mint,en,USD,2026-09-24T18:26:17.734Z
Blade Splicer,BLC,Bloomburrow Commander,136,normal,rare,1,96378,8ea1a510-ec87-4c93-bcf2-0c91738b008f,0.24,false,false,near_mint,en,USD,2026-09-24T18:26:17.735Z
Hanged Executioner,BLC,Bloomburrow Commander,139,normal,rare,1,96212,2791a28a-30fa-4f1a-9f05-f3db155b6f06,0.23,false,false,near_mint,en,USD,2026-09-24T18:26:17.736Z
Air Response Unit,DFT,Aetherdrift,292,normal,uncommon,1,103155,89e66d63-56be-46f5-b0df-e1350106ba45,0.18,false,false,near_mint,en,USD,2026-09-24T18:26:17.738Z
"Kwende, Pride of Femeref",MUL,Multiverse Legends,5,normal,uncommon,1,81633,427cf253-71c1-40cf-bdc3-eeb0431ae37f,0.24,false,false,near_mint,en,USD,2026-09-24T18:26:17.739Z
Eight-and-a-Half-Tails,CLB,Commander Legends: Battle for Baldur's Gate,692,normal,rare,1,69710,ef722374-0305-4c30-ab45-cb772b252faf,0.39,false,false,near_mint,en,USD,2026-09-24T18:26:17.740Z
Essence Channeler,BLB,Bloomburrow,12,normal,rare,1,96042,5aaf7e4c-4d5d-4acc-a834-e6c4a7629408,0.32,false,false,near_mint,en,USD,2026-09-24T18:26:17.741Z
Repel Calamity,SOA,Secrets of Strixhaven Mystical Archive,8,normal,uncommon,1,112424,1c2cf02f-97f3-47f0-9382-c580f3033635,0.21,false,false,near_mint,en,USD,2026-09-24T18:26:17.743Z
Spotcycle Scouter,DFT,Aetherdrift,297,normal,common,1,103250,c0303505-d6f1-4626-a932-0e577d9572fe,0.19,false,false,near_mint,en,USD,2026-09-24T18:26:17.745Z
Moment of Reckoning,SOS,Secrets of Strixhaven,205,normal,rare,1,112345,577d9dc8-7720-4dc9-b650-64b4729b309b,0.28,false,false,near_mint,en,USD,2026-09-24T18:28:07.276Z